geography,countries,development_status,developing_region,crisis_probability,crisis_predicted,crisis_type
AFG,Afghanistan,Developing,Asia and Oceania,0.006204546752396564,0,None
AFG,Afghanistan,Developing,Asia and Oceania,0.006204546752396564,0,None
AFG,Afghanistan,Developing,Asia and Oceania,0.006204546752396564,0,None
AFG,Afghanistan,Developing,Asia and Oceania,0.006204546752396564,0,None
AFG,Afghanistan,Developing,Asia and Oceania,0.006204546752396564,0,None
AFG,Afghanistan,Developing,Asia and Oceania,0.006204546752396564,0,None
AFG,Afghanistan,Developing,Asia and Oceania,0.006204546752396564,0,None
AGO,Angola,Developing,Africa,-0.6723951751500561,0,None
AGO,Angola,Developing,Africa,-0.6723951751500561,0,None
AGO,Angola,Developing,Africa,-0.6723951751500561,0,None
AGO,Angola,Developing,Africa,-0.6723951751500561,0,None
AGO,Angola,Developing,Africa,-0.6723951751500561,0,None
AGO,Angola,Developing,Africa,-0.6723951751500561,0,None
AGO,Angola,Developing,Africa,-0.6723951751500561,0,None
ALB,Albania,Developed,Europe,0.0019568803809609844,0,None
ALB,Albania,Developed,Europe,0.0019568803809609844,0,None
ALB,Albania,Developed,Europe,0.0019568803809609844,0,None
ALB,Albania,Developed,Europe,0.0019568803809609844,0,None
ALB,Albania,Developed,Europe,0.0019568803809609844,0,None
ALB,Albania,Developed,Europe,0.0019568803809609844,0,None
ALB,Albania,Developed,Europe,0.0019568803809609844,0,None
ARE,United Arab Emirates (the),Developing,Asia and Oceania,0.3266612633823457,0,None
ARE,United Arab Emirates (the),Developing,Asia and Oceania,0.3266612633823457,0,None
ARE,United Arab Emirates (the),Developing,Asia and Oceania,0.3266612633823457,0,None
ARE,United Arab Emirates (the),Developing,Asia and Oceania,0.3266612633823457,0,None
ARE,United Arab Emirates (the),Developing,Asia and Oceania,0.3266612633823457,0,None
ARE,United Arab Emirates (the),Developing,Asia and Oceania,0.3266612633823457,0,None
ARE,United Arab Emirates (the),Developing,Asia and Oceania,0.3266612633823457,0,None
ARG,Argentina,Developing,America,-0.3854686105647973,0,None
ARG,Argentina,Developing,America,-0.3854686105647973,0,None
ARG,Argentina,Developing,America,-0.3854686105647973,0,None
ARG,Argentina,Developing,America,-0.3854686105647973,0,None
ARG,Argentina,Developing,America,-0.3854686105647973,0,None
ARG,Argentina,Developing,America,-0.3854686105647973,0,None
ARG,Argentina,Developing,America,-0.3854686105647973,0,None
ARM,Armenia,Developing,Asia and Oceania,0.015433056817011287,0,None
ARM,Armenia,Developing,Asia and Oceania,0.015433056817011287,0,None
ARM,Armenia,Developing,Asia and Oceania,0.015433056817011287,0,None
ARM,Armenia,Developing,Asia and Oceania,0.015433056817011287,0,None
ARM,Armenia,Developing,Asia and Oceania,0.015433056817011287,0,None
ARM,Armenia,Developing,Asia and Oceania,0.015433056817011287,0,None
ARM,Armenia,Developing,Asia and Oceania,0.015433056817011287,0,None
ATG,Antigua and Barbuda,Developing,America,0.002125608008504194,0,None
ATG,Antigua and Barbuda,Developing,America,0.002125608008504194,0,None
ATG,Antigua and Barbuda,Developing,America,0.002125608008504194,0,None
ATG,Antigua and Barbuda,Developing,America,0.002125608008504194,0,None
ATG,Antigua and Barbuda,Developing,America,0.002125608008504194,0,None
ATG,Antigua and Barbuda,Developing,America,0.002125608008504194,0,None
ATG,Antigua and Barbuda,Developing,America,0.002125608008504194,0,None
AUS,Australia,Developed,Asia and Oceania,0.02793630896671015,0,None
AUS,Australia,Developed,Asia and Oceania,0.02793630896671015,0,None
AUS,Australia,Developed,Asia and Oceania,0.02793630896671015,0,None
AUS,Australia,Developed,Asia and Oceania,0.02793630896671015,0,None
AUS,Australia,Developed,Asia and Oceania,0.02793630896671015,0,None
AUS,Australia,Developed,Asia and Oceania,0.02793630896671015,0,None
AUS,Australia,Developed,Asia and Oceania,0.02793630896671015,0,None
AUT,Austria,Developed,Europe,-0.005463843747922742,0,None
AUT,Austria,Developed,Europe,-0.005463843747922742,0,None
AUT,Austria,Developed,Europe,-0.005463843747922742,0,None
AUT,Austria,Developed,Europe,-0.005463843747922742,0,None
AUT,Austria,Developed,Europe,-0.005463843747922742,0,None
AUT,Austria,Developed,Europe,-0.005463843747922742,0,None
AUT,Austria,Developed,Europe,-0.005463843747922742,0,None
AZE,Azerbaijan,Developing,Asia and Oceania,-0.1852616583208218,0,None
AZE,Azerbaijan,Developing,Asia and Oceania,-0.1852616583208218,0,None
AZE,Azerbaijan,Developing,Asia and Oceania,-0.1852616583208218,0,None
AZE,Azerbaijan,Developing,Asia and Oceania,-0.1852616583208218,0,None
AZE,Azerbaijan,Developing,Asia and Oceania,-0.1852616583208218,0,None
AZE,Azerbaijan,Developing,Asia and Oceania,-0.1852616583208218,0,None
AZE,Azerbaijan,Developing,Asia and Oceania,-0.1852616583208218,0,None
BDI,Burundi,Developing,Africa,-0.26880038453784194,0,None
BDI,Burundi,Developing,Africa,-0.26880038453784194,0,None
BDI,Burundi,Developing,Africa,-0.26880038453784194,0,None
BDI,Burundi,Developing,Africa,-0.26880038453784194,0,None
BDI,Burundi,Developing,Africa,-0.26880038453784194,0,None
BDI,Burundi,Developing,Africa,-0.26880038453784194,0,None
BDI,Burundi,Developing,Africa,-0.26880038453784194,0,None
BEL,Belgium,Developed,Europe,0.033403931232248274,0,None
BEL,Belgium,Developed,Europe,0.033403931232248274,0,None
BEL,Belgium,Developed,Europe,0.033403931232248274,0,None
BEL,Belgium,Developed,Europe,0.033403931232248274,0,None
BEL,Belgium,Developed,Europe,0.033403931232248274,0,None
BEL,Belgium,Developed,Europe,0.033403931232248274,0,None
BEL,Belgium,Developed,Europe,0.033403931232248274,0,None
BEN,Benin,Developing,Africa,0.44663657257435496,0,None
BEN,Benin,Developing,Africa,0.44663657257435496,0,None
BEN,Benin,Developing,Africa,0.44663657257435496,0,None
BEN,Benin,Developing,Africa,0.44663657257435496,0,None
BEN,Benin,Developing,Africa,0.44663657257435496,0,None
BEN,Benin,Developing,Africa,0.44663657257435496,0,None
BEN,Benin,Developing,Africa,0.44663657257435496,0,None
BFA,Burkina Faso,Developing,Africa,0.09188778217597038,0,None
BFA,Burkina Faso,Developing,Africa,0.09188778217597038,0,None
BFA,Burkina Faso,Developing,Africa,0.09188778217597038,0,None
BFA,Burkina Faso,Developing,Africa,0.09188778217597038,0,None
BFA,Burkina Faso,Developing,Africa,0.09188778217597038,0,None
BFA,Burkina Faso,Developing,Africa,0.09188778217597038,0,None
BFA,Burkina Faso,Developing,Africa,0.09188778217597038,0,None
BGD,Bangladesh,Developing,Asia and Oceania,-0.41462399892622265,0,None
BGD,Bangladesh,Developing,Asia and Oceania,-0.41462399892622265,0,None
BGD,Bangladesh,Developing,Asia and Oceania,-0.41462399892622265,0,None
BGD,Bangladesh,Developing,Asia and Oceania,-0.41462399892622265,0,None
BGD,Bangladesh,Developing,Asia and Oceania,-0.41462399892622265,0,None
BGD,Bangladesh,Developing,Asia and Oceania,-0.41462399892622265,0,None
BGD,Bangladesh,Developing,Asia and Oceania,-0.41462399892622265,0,None
BGR,Bulgaria,Developed,Europe,-0.17998008823936337,0,None
BGR,Bulgaria,Developed,Europe,-0.17998008823936337,0,None
BGR,Bulgaria,Developed,Europe,-0.17998008823936337,0,None
BGR,Bulgaria,Developed,Europe,-0.17998008823936337,0,None
BGR,Bulgaria,Developed,Europe,-0.17998008823936337,0,None
BGR,Bulgaria,Developed,Europe,-0.17998008823936337,0,None
BGR,Bulgaria,Developed,Europe,-0.17998008823936337,0,None
BHR,Bahrain,Developing,Asia and Oceania,-0.3631664544152573,0,None
BHR,Bahrain,Developing,Asia and Oceania,-0.3631664544152573,0,None
BHR,Bahrain,Developing,Asia and Oceania,-0.3631664544152573,0,None
BHR,Bahrain,Developing,Asia and Oceania,-0.3631664544152573,0,None
BHR,Bahrain,Developing,Asia and Oceania,-0.3631664544152573,0,None
BHR,Bahrain,Developing,Asia and Oceania,-0.3631664544152573,0,None
BHR,Bahrain,Developing,Asia and Oceania,-0.3631664544152573,0,None
BHS,Bahamas (the),Developing,America,0.11405122283813564,0,None
BHS,Bahamas (the),Developing,America,0.11405122283813564,0,None
BHS,Bahamas (the),Developing,America,0.11405122283813564,0,None
BHS,Bahamas (the),Developing,America,0.11405122283813564,0,None
BHS,Bahamas (the),Developing,America,0.11405122283813564,0,None
BHS,Bahamas (the),Developing,America,0.11405122283813564,0,None
BHS,Bahamas (the),Developing,America,0.11405122283813564,0,None
BIH,Bosnia and Herzegovina,Developed,Europe,-0.055076492999952334,0,None
BIH,Bosnia and Herzegovina,Developed,Europe,-0.055076492999952334,0,None
BIH,Bosnia and Herzegovina,Developed,Europe,-0.055076492999952334,0,None
BIH,Bosnia and Herzegovina,Developed,Europe,-0.055076492999952334,0,None
BIH,Bosnia and Herzegovina,Developed,Europe,-0.055076492999952334,0,None
BIH,Bosnia and Herzegovina,Developed,Europe,-0.055076492999952334,0,None
BIH,Bosnia and Herzegovina,Developed,Europe,-0.055076492999952334,0,None
BLR,Belarus,Developed,Europe,-0.1712051415498296,0,None
BLR,Belarus,Developed,Europe,-0.1712051415498296,0,None
BLR,Belarus,Developed,Europe,-0.1712051415498296,0,None
BLR,Belarus,Developed,Europe,-0.1712051415498296,0,None
BLR,Belarus,Developed,Europe,-0.1712051415498296,0,None
BLR,Belarus,Developed,Europe,-0.1712051415498296,0,None
BLR,Belarus,Developed,Europe,-0.1712051415498296,0,None
BLZ,Belize,Developing,America,0.0028463192817382976,0,None
BLZ,Belize,Developing,America,0.0028463192817382976,0,None
BLZ,Belize,Developing,America,0.0028463192817382976,0,None
BLZ,Belize,Developing,America,0.0028463192817382976,0,None
BLZ,Belize,Developing,America,0.0028463192817382976,0,None
BLZ,Belize,Developing,America,0.0028463192817382976,0,None
BLZ,Belize,Developing,America,0.0028463192817382976,0,None
BOL,Bolivia (Plurinational State of),Developing,America,0.18454166662457117,0,None
BOL,Bolivia (Plurinational State of),Developing,America,0.18454166662457117,0,None
BOL,Bolivia (Plurinational State of),Developing,America,0.18454166662457117,0,None
BOL,Bolivia (Plurinational State of),Developing,America,0.18454166662457117,0,None
BOL,Bolivia (Plurinational State of),Developing,America,0.18454166662457117,0,None
BOL,Bolivia (Plurinational State of),Developing,America,0.18454166662457117,0,None
BOL,Bolivia (Plurinational State of),Developing,America,0.18454166662457117,0,None
BRA,Brazil,Developing,America,-0.27060096874275574,0,None
BRA,Brazil,Developing,America,-0.27060096874275574,0,None
BRA,Brazil,Developing,America,-0.27060096874275574,0,None
BRA,Brazil,Developing,America,-0.27060096874275574,0,None
BRA,Brazil,Developing,America,-0.27060096874275574,0,None
BRA,Brazil,Developing,America,-0.27060096874275574,0,None
BRA,Brazil,Developing,America,-0.27060096874275574,0,None
BRB,Barbados,Developing,America,-0.04259686772467174,0,None
BRB,Barbados,Developing,America,-0.04259686772467174,0,None
BRB,Barbados,Developing,America,-0.04259686772467174,0,None
BRB,Barbados,Developing,America,-0.04259686772467174,0,None
BRB,Barbados,Developing,America,-0.04259686772467174,0,None
BRB,Barbados,Developing,America,-0.04259686772467174,0,None
BRB,Barbados,Developing,America,-0.04259686772467174,0,None
BRN,Brunei Darussalam,Developing,Asia and Oceania,0.2591266906942587,0,None
BRN,Brunei Darussalam,Developing,Asia and Oceania,0.2591266906942587,0,None
BRN,Brunei Darussalam,Developing,Asia and Oceania,0.2591266906942587,0,None
BRN,Brunei Darussalam,Developing,Asia and Oceania,0.2591266906942587,0,None
BRN,Brunei Darussalam,Developing,Asia and Oceania,0.2591266906942587,0,None
BRN,Brunei Darussalam,Developing,Asia and Oceania,0.2591266906942587,0,None
BRN,Brunei Darussalam,Developing,Asia and Oceania,0.2591266906942587,0,None
BTN,Bhutan,Developing,Asia and Oceania,-0.07946121480165487,0,None
BTN,Bhutan,Developing,Asia and Oceania,-0.07946121480165487,0,None
BTN,Bhutan,Developing,Asia and Oceania,-0.07946121480165487,0,None
BTN,Bhutan,Developing,Asia and Oceania,-0.07946121480165487,0,None
BTN,Bhutan,Developing,Asia and Oceania,-0.07946121480165487,0,None
BTN,Bhutan,Developing,Asia and Oceania,-0.07946121480165487,0,None
BTN,Bhutan,Developing,Asia and Oceania,-0.07946121480165487,0,None
BWA,Botswana,Developing,Africa,-0.028584587763807706,0,None
BWA,Botswana,Developing,Africa,-0.028584587763807706,0,None
BWA,Botswana,Developing,Africa,-0.028584587763807706,0,None
BWA,Botswana,Developing,Africa,-0.028584587763807706,0,None
BWA,Botswana,Developing,Africa,-0.028584587763807706,0,None
BWA,Botswana,Developing,Africa,-0.028584587763807706,0,None
BWA,Botswana,Developing,Africa,-0.028584587763807706,0,None
CAF,Central African Republic (the),Developing,Africa,0.12678349466476765,0,None
CAF,Central African Republic (the),Developing,Africa,0.12678349466476765,0,None
CAF,Central African Republic (the),Developing,Africa,0.12678349466476765,0,None
CAF,Central African Republic (the),Developing,Africa,0.12678349466476765,0,None
CAF,Central African Republic (the),Developing,Africa,0.12678349466476765,0,None
CAF,Central African Republic (the),Developing,Africa,0.12678349466476765,0,None
CAF,Central African Republic (the),Developing,Africa,0.12678349466476765,0,None
CAN,Canada,Developed,America,0.08457168937144945,0,None
CAN,Canada,Developed,America,0.08457168937144945,0,None
CAN,Canada,Developed,America,0.08457168937144945,0,None
CAN,Canada,Developed,America,0.08457168937144945,0,None
CAN,Canada,Developed,America,0.08457168937144945,0,None
CAN,Canada,Developed,America,0.08457168937144945,0,None
CAN,Canada,Developed,America,0.08457168937144945,0,None
CHE,Switzerland,Developed,Europe,0.68969627533039,1,Inflationary
CHE,Switzerland,Developed,Europe,0.68969627533039,1,Inflationary
CHE,Switzerland,Developed,Europe,0.68969627533039,1,Inflationary
CHE,Switzerland,Developed,Europe,0.68969627533039,1,Inflationary
CHE,Switzerland,Developed,Europe,0.68969627533039,1,Inflationary
CHE,Switzerland,Developed,Europe,0.68969627533039,1,Inflationary
CHE,Switzerland,Developed,Europe,0.68969627533039,1,Inflationary
CHL,Chile,Developing,America,-0.2181747718858709,0,None
CHL,Chile,Developing,America,-0.2181747718858709,0,None
CHL,Chile,Developing,America,-0.2181747718858709,0,None
CHL,Chile,Developing,America,-0.2181747718858709,0,None
CHL,Chile,Developing,America,-0.2181747718858709,0,None
CHL,Chile,Developing,America,-0.2181747718858709,0,None
CHL,Chile,Developing,America,-0.2181747718858709,0,None
CHN,China,Developing,Asia and Oceania,0.37156020594489025,0,None
CHN,China,Developing,Asia and Oceania,0.37156020594489025,0,None
CHN,China,Developing,Asia and Oceania,0.37156020594489025,0,None
CHN,China,Developing,Asia and Oceania,0.37156020594489025,0,None
CHN,China,Developing,Asia and Oceania,0.37156020594489025,0,None
CHN,China,Developing,Asia and Oceania,0.37156020594489025,0,None
CHN,China,Developing,Asia and Oceania,0.37156020594489025,0,None
CIV,Côte d'Ivoire,Developing,Africa,0.16353546450896772,0,None
CIV,Côte d'Ivoire,Developing,Africa,0.16353546450896772,0,None
CIV,Côte d'Ivoire,Developing,Africa,0.16353546450896772,0,None
CIV,Côte d'Ivoire,Developing,Africa,0.16353546450896772,0,None
CIV,Côte d'Ivoire,Developing,Africa,0.16353546450896772,0,None
CIV,Côte d'Ivoire,Developing,Africa,0.16353546450896772,0,None
CIV,Côte d'Ivoire,Developing,Africa,0.16353546450896772,0,None
CMR,Cameroon,Developing,Africa,0.13512628253241168,0,None
CMR,Cameroon,Developing,Africa,0.13512628253241168,0,None
CMR,Cameroon,Developing,Africa,0.13512628253241168,0,None
CMR,Cameroon,Developing,Africa,0.13512628253241168,0,None
CMR,Cameroon,Developing,Africa,0.13512628253241168,0,None
CMR,Cameroon,Developing,Africa,0.13512628253241168,0,None
CMR,Cameroon,Developing,Africa,0.13512628253241168,0,None
COD,Democratic Republic of the Congo (the),Developing,Africa,0.09875658552682266,0,None
COD,Democratic Republic of the Congo (the),Developing,Africa,0.09875658552682266,0,None
COD,Democratic Republic of the Congo (the),Developing,Africa,0.09875658552682266,0,None
COD,Democratic Republic of the Congo (the),Developing,Africa,0.09875658552682266,0,None
COD,Democratic Republic of the Congo (the),Developing,Africa,0.09875658552682266,0,None
COD,Democratic Republic of the Congo (the),Developing,Africa,0.09875658552682266,0,None
COD,Democratic Republic of the Congo (the),Developing,Africa,0.09875658552682266,0,None
COG,Congo (the),Developing,Africa,0.238804733840481,0,None
COG,Congo (the),Developing,Africa,0.238804733840481,0,None
COG,Congo (the),Developing,Africa,0.238804733840481,0,None
COG,Congo (the),Developing,Africa,0.238804733840481,0,None
COG,Congo (the),Developing,Africa,0.238804733840481,0,None
COG,Congo (the),Developing,Africa,0.238804733840481,0,None
COG,Congo (the),Developing,Africa,0.238804733840481,0,None
COL,Colombia,Developing,America,-0.2810040525186608,0,None
COL,Colombia,Developing,America,-0.2810040525186608,0,None
COL,Colombia,Developing,America,-0.2810040525186608,0,None
COL,Colombia,Developing,America,-0.2810040525186608,0,None
COL,Colombia,Developing,America,-0.2810040525186608,0,None
COL,Colombia,Developing,America,-0.2810040525186608,0,None
COL,Colombia,Developing,America,-0.2810040525186608,0,None
COM,Comoros (the),Developing,Africa,0.09875658552682266,0,None
COM,Comoros (the),Developing,Africa,0.09875658552682266,0,None
COM,Comoros (the),Developing,Africa,0.09875658552682266,0,None
COM,Comoros (the),Developing,Africa,0.09875658552682266,0,None
COM,Comoros (the),Developing,Africa,0.09875658552682266,0,None
COM,Comoros (the),Developing,Africa,0.09875658552682266,0,None
COM,Comoros (the),Developing,Africa,0.09875658552682266,0,None
CPV,Cabo Verde,Developing,Africa,0.17832571090723304,0,None
CPV,Cabo Verde,Developing,Africa,0.17832571090723304,0,None
CPV,Cabo Verde,Developing,Africa,0.17832571090723304,0,None
CPV,Cabo Verde,Developing,Africa,0.17832571090723304,0,None
CPV,Cabo Verde,Developing,Africa,0.17832571090723304,0,None
CPV,Cabo Verde,Developing,Africa,0.17832571090723304,0,None
CPV,Cabo Verde,Developing,Africa,0.17832571090723304,0,None
CRI,Costa Rica,Developing,America,0.13552196520802862,0,None
CRI,Costa Rica,Developing,America,0.13552196520802862,0,None
CRI,Costa Rica,Developing,America,0.13552196520802862,0,None
CRI,Costa Rica,Developing,America,0.13552196520802862,0,None
CRI,Costa Rica,Developing,America,0.13552196520802862,0,None
CRI,Costa Rica,Developing,America,0.13552196520802862,0,None
CRI,Costa Rica,Developing,America,0.13552196520802862,0,None
CUB,Cuba,Developing,America,-0.0012434144731773445,0,None
CUB,Cuba,Developing,America,-0.0012434144731773445,0,None
CUB,Cuba,Developing,America,-0.0012434144731773445,0,None
CUB,Cuba,Developing,America,-0.0012434144731773445,0,None
CUB,Cuba,Developing,America,-0.0012434144731773445,0,None
CUB,Cuba,Developing,America,-0.0012434144731773445,0,None
CUB,Cuba,Developing,America,-0.0012434144731773445,0,None
CYP,Cyprus,Developed,Europe,0.14142949194207066,0,None
CYP,Cyprus,Developed,Europe,0.14142949194207066,0,None
CYP,Cyprus,Developed,Europe,0.14142949194207066,0,None
CYP,Cyprus,Developed,Europe,0.14142949194207066,0,None
CYP,Cyprus,Developed,Europe,0.14142949194207066,0,None
CYP,Cyprus,Developed,Europe,0.14142949194207066,0,None
CYP,Cyprus,Developed,Europe,0.14142949194207066,0,None
CZE,Czechia,Developed,Europe,-0.1106864900477544,0,None
CZE,Czechia,Developed,Europe,-0.1106864900477544,0,None
CZE,Czechia,Developed,Europe,-0.1106864900477544,0,None
CZE,Czechia,Developed,Europe,-0.1106864900477544,0,None
CZE,Czechia,Developed,Europe,-0.1106864900477544,0,None
CZE,Czechia,Developed,Europe,-0.1106864900477544,0,None
CZE,Czechia,Developed,Europe,-0.1106864900477544,0,None
DEU,Germany,Developed,Europe,0.013060846935082615,0,None
DEU,Germany,Developed,Europe,0.013060846935082615,0,None
DEU,Germany,Developed,Europe,0.013060846935082615,0,None
DEU,Germany,Developed,Europe,0.013060846935082615,0,None
DEU,Germany,Developed,Europe,0.013060846935082615,0,None
DEU,Germany,Developed,Europe,0.013060846935082615,0,None
DEU,Germany,Developed,Europe,0.013060846935082615,0,None
DJI,Djibouti,Developing,Africa,0.1642570056650799,0,None
DJI,Djibouti,Developing,Africa,0.1642570056650799,0,None
DJI,Djibouti,Developing,Africa,0.1642570056650799,0,None
DJI,Djibouti,Developing,Africa,0.1642570056650799,0,None
DJI,Djibouti,Developing,Africa,0.1642570056650799,0,None
DJI,Djibouti,Developing,Africa,0.1642570056650799,0,None
DJI,Djibouti,Developing,Africa,0.1642570056650799,0,None
DMA,Dominica,Developing,America,0.05462549997552851,0,None
DMA,Dominica,Developing,America,0.05462549997552851,0,None
DMA,Dominica,Developing,America,0.05462549997552851,0,None
DMA,Dominica,Developing,America,0.05462549997552851,0,None
DMA,Dominica,Developing,America,0.05462549997552851,0,None
DMA,Dominica,Developing,America,0.05462549997552851,0,None
DMA,Dominica,Developing,America,0.05462549997552851,0,None
DNK,Denmark,Developed,Europe,0.12496273554017827,0,None
DNK,Denmark,Developed,Europe,0.12496273554017827,0,None
DNK,Denmark,Developed,Europe,0.12496273554017827,0,None
DNK,Denmark,Developed,Europe,0.12496273554017827,0,None
DNK,Denmark,Developed,Europe,0.12496273554017827,0,None
DNK,Denmark,Developed,Europe,0.12496273554017827,0,None
DNK,Denmark,Developed,Europe,0.12496273554017827,0,None
DOM,Dominican Republic (the),Developing,America,-0.23754421672475814,0,None
DOM,Dominican Republic (the),Developing,America,-0.23754421672475814,0,None
DOM,Dominican Republic (the),Developing,America,-0.23754421672475814,0,None
DOM,Dominican Republic (the),Developing,America,-0.23754421672475814,0,None
DOM,Dominican Republic (the),Developing,America,-0.23754421672475814,0,None
DOM,Dominican Republic (the),Developing,America,-0.23754421672475814,0,None
DOM,Dominican Republic (the),Developing,America,-0.23754421672475814,0,None
DZA,Algeria,Developing,Africa,-0.0677899240368304,0,None
DZA,Algeria,Developing,Africa,-0.0677899240368304,0,None
DZA,Algeria,Developing,Africa,-0.0677899240368304,0,None
DZA,Algeria,Developing,Africa,-0.0677899240368304,0,None
DZA,Algeria,Developing,Africa,-0.0677899240368304,0,None
DZA,Algeria,Developing,Africa,-0.0677899240368304,0,None
DZA,Algeria,Developing,Africa,-0.0677899240368304,0,None
ECU,Ecuador,Developing,America,0.49062564371287065,0,None
ECU,Ecuador,Developing,America,0.49062564371287065,0,None
ECU,Ecuador,Developing,America,0.49062564371287065,0,None
ECU,Ecuador,Developing,America,0.49062564371287065,0,None
ECU,Ecuador,Developing,America,0.49062564371287065,0,None
ECU,Ecuador,Developing,America,0.49062564371287065,0,None
ECU,Ecuador,Developing,America,0.49062564371287065,0,None
EGY,Egypt,Developing,Africa,-0.23328168179735123,0,None
EGY,Egypt,Developing,Africa,-0.23328168179735123,0,None
EGY,Egypt,Developing,Africa,-0.23328168179735123,0,None
EGY,Egypt,Developing,Africa,-0.23328168179735123,0,None
EGY,Egypt,Developing,Africa,-0.23328168179735123,0,None
EGY,Egypt,Developing,Africa,-0.23328168179735123,0,None
EGY,Egypt,Developing,Africa,-0.23328168179735123,0,None
ERI,Eritrea,Developing,Africa,0.09875658552682266,0,None
ERI,Eritrea,Developing,Africa,0.09875658552682266,0,None
ERI,Eritrea,Developing,Africa,0.09875658552682266,0,None
ERI,Eritrea,Developing,Africa,0.09875658552682266,0,None
ERI,Eritrea,Developing,Africa,0.09875658552682266,0,None
ERI,Eritrea,Developing,Africa,0.09875658552682266,0,None
ERI,Eritrea,Developing,Africa,0.09875658552682266,0,None
ESP,Spain,Developed,Europe,0.03319644367199095,0,None
ESP,Spain,Developed,Europe,0.03319644367199095,0,None
ESP,Spain,Developed,Europe,0.03319644367199095,0,None
ESP,Spain,Developed,Europe,0.03319644367199095,0,None
ESP,Spain,Developed,Europe,0.03319644367199095,0,None
ESP,Spain,Developed,Europe,0.03319644367199095,0,None
ESP,Spain,Developed,Europe,0.03319644367199095,0,None
EST,Estonia,Developed,Europe,-0.14503331879976142,0,None
EST,Estonia,Developed,Europe,-0.14503331879976142,0,None
EST,Estonia,Developed,Europe,-0.14503331879976142,0,None
EST,Estonia,Developed,Europe,-0.14503331879976142,0,None
EST,Estonia,Developed,Europe,-0.14503331879976142,0,None
EST,Estonia,Developed,Europe,-0.14503331879976142,0,None
EST,Estonia,Developed,Europe,-0.14503331879976142,0,None
ETH,Ethiopia,Developing,Africa,-0.5537704098359179,0,None
ETH,Ethiopia,Developing,Africa,-0.5537704098359179,0,None
ETH,Ethiopia,Developing,Africa,-0.5537704098359179,0,None
ETH,Ethiopia,Developing,Africa,-0.5537704098359179,0,None
ETH,Ethiopia,Developing,Africa,-0.5537704098359179,0,None
ETH,Ethiopia,Developing,Africa,-0.5537704098359179,0,None
ETH,Ethiopia,Developing,Africa,-0.5537704098359179,0,None
FIN,Finland,Developed,Europe,0.10908427612177889,0,None
FIN,Finland,Developed,Europe,0.10908427612177889,0,None
FIN,Finland,Developed,Europe,0.10908427612177889,0,None
FIN,Finland,Developed,Europe,0.10908427612177889,0,None
FIN,Finland,Developed,Europe,0.10908427612177889,0,None
FIN,Finland,Developed,Europe,0.10908427612177889,0,None
FIN,Finland,Developed,Europe,0.10908427612177889,0,None
FJI,Fiji,Developing,Asia and Oceania,0.1235665924099333,0,None
FJI,Fiji,Developing,Asia and Oceania,0.1235665924099333,0,None
FJI,Fiji,Developing,Asia and Oceania,0.1235665924099333,0,None
FJI,Fiji,Developing,Asia and Oceania,0.1235665924099333,0,None
FJI,Fiji,Developing,Asia and Oceania,0.1235665924099333,0,None
FJI,Fiji,Developing,Asia and Oceania,0.1235665924099333,0,None
FJI,Fiji,Developing,Asia and Oceania,0.1235665924099333,0,None
FRA,France,Developed,Europe,0.1164847866442788,0,None
FRA,France,Developed,Europe,0.1164847866442788,0,None
FRA,France,Developed,Europe,0.1164847866442788,0,None
FRA,France,Developed,Europe,0.1164847866442788,0,None
FRA,France,Developed,Europe,0.1164847866442788,0,None
FRA,France,Developed,Europe,0.1164847866442788,0,None
FRA,France,Developed,Europe,0.1164847866442788,0,None
FSM,Micronesia (Federated States of),Developing,Asia and Oceania,-0.0012434144731773445,0,None
FSM,Micronesia (Federated States of),Developing,Asia and Oceania,-0.0012434144731773445,0,None
FSM,Micronesia (Federated States of),Developing,Asia and Oceania,-0.0012434144731773445,0,None
FSM,Micronesia (Federated States of),Developing,Asia and Oceania,-0.0012434144731773445,0,None
FSM,Micronesia (Federated States of),Developing,Asia and Oceania,-0.0012434144731773445,0,None
FSM,Micronesia (Federated States of),Developing,Asia and Oceania,-0.0012434144731773445,0,None
FSM,Micronesia (Federated States of),Developing,Asia and Oceania,-0.0012434144731773445,0,None
GAB,Gabon,Developing,Africa,0.3408172682396101,0,None
GAB,Gabon,Developing,Africa,0.3408172682396101,0,None
GAB,Gabon,Developing,Africa,0.3408172682396101,0,None
GAB,Gabon,Developing,Africa,0.3408172682396101,0,None
GAB,Gabon,Developing,Africa,0.3408172682396101,0,None
GAB,Gabon,Developing,Africa,0.3408172682396101,0,None
GAB,Gabon,Developing,Africa,0.3408172682396101,0,None
GBR,United Kingdom of Great Britain and Northern Ireland (the),Developed,Europe,-0.016357274531247787,0,None
GBR,United Kingdom of Great Britain and Northern Ireland (the),Developed,Europe,-0.016357274531247787,0,None
GBR,United Kingdom of Great Britain and Northern Ireland (the),Developed,Europe,-0.016357274531247787,0,None
GBR,United Kingdom of Great Britain and Northern Ireland (the),Developed,Europe,-0.016357274531247787,0,None
GBR,United Kingdom of Great Britain and Northern Ireland (the),Developed,Europe,-0.016357274531247787,0,None
GBR,United Kingdom of Great Britain and Northern Ireland (the),Developed,Europe,-0.016357274531247787,0,None
GBR,United Kingdom of Great Britain and Northern Ireland (the),Developed,Europe,-0.016357274531247787,0,None
GEO,Georgia,Developing,Asia and Oceania,-0.2028481496432116,0,None
GEO,Georgia,Developing,Asia and Oceania,-0.2028481496432116,0,None
GEO,Georgia,Developing,Asia and Oceania,-0.2028481496432116,0,None
GEO,Georgia,Developing,Asia and Oceania,-0.2028481496432116,0,None
GEO,Georgia,Developing,Asia and Oceania,-0.2028481496432116,0,None
GEO,Georgia,Developing,Asia and Oceania,-0.2028481496432116,0,None
GEO,Georgia,Developing,Asia and Oceania,-0.2028481496432116,0,None
GHA,Ghana,Developing,Africa,-0.4004886191969742,0,None
GHA,Ghana,Developing,Africa,-0.4004886191969742,0,None
GHA,Ghana,Developing,Africa,-0.4004886191969742,0,None
GHA,Ghana,Developing,Africa,-0.4004886191969742,0,None
GHA,Ghana,Developing,Africa,-0.4004886191969742,0,None
GHA,Ghana,Developing,Africa,-0.4004886191969742,0,None
GHA,Ghana,Developing,Africa,-0.4004886191969742,0,None
GIN,Guinea,Developing,Africa,-0.5192899339750567,0,None
GIN,Guinea,Developing,Africa,-0.5192899339750567,0,None
GIN,Guinea,Developing,Africa,-0.5192899339750567,0,None
GIN,Guinea,Developing,Africa,-0.5192899339750567,0,None
GIN,Guinea,Developing,Africa,-0.5192899339750567,0,None
GIN,Guinea,Developing,Africa,-0.5192899339750567,0,None
GIN,Guinea,Developing,Africa,-0.5192899339750567,0,None
GMB,Gambia (the),Developing,Africa,-0.3675895294436322,0,None
GMB,Gambia (the),Developing,Africa,-0.3675895294436322,0,None
GMB,Gambia (the),Developing,Africa,-0.3675895294436322,0,None
GMB,Gambia (the),Developing,Africa,-0.3675895294436322,0,None
GMB,Gambia (the),Developing,Africa,-0.3675895294436322,0,None
GMB,Gambia (the),Developing,Africa,-0.3675895294436322,0,None
GMB,Gambia (the),Developing,Africa,-0.3675895294436322,0,None
GNB,Guinea-Bissau,Developing,Africa,0.08576651010066645,0,None
GNB,Guinea-Bissau,Developing,Africa,0.08576651010066645,0,None
GNB,Guinea-Bissau,Developing,Africa,0.08576651010066645,0,None
GNB,Guinea-Bissau,Developing,Africa,0.08576651010066645,0,None
GNB,Guinea-Bissau,Developing,Africa,0.08576651010066645,0,None
GNB,Guinea-Bissau,Developing,Africa,0.08576651010066645,0,None
GNB,Guinea-Bissau,Developing,Africa,0.08576651010066645,0,None
GNQ,Equatorial Guinea,Developing,Africa,0.31471566805301043,0,None
GNQ,Equatorial Guinea,Developing,Africa,0.31471566805301043,0,None
GNQ,Equatorial Guinea,Developing,Africa,0.31471566805301043,0,None
GNQ,Equatorial Guinea,Developing,Africa,0.31471566805301043,0,None
GNQ,Equatorial Guinea,Developing,Africa,0.31471566805301043,0,None
GNQ,Equatorial Guinea,Developing,Africa,0.31471566805301043,0,None
GNQ,Equatorial Guinea,Developing,Africa,0.31471566805301043,0,None
GRC,Greece,Developed,Europe,0.06506112911641551,0,None
GRC,Greece,Developed,Europe,0.06506112911641551,0,None
GRC,Greece,Developed,Europe,0.06506112911641551,0,None
GRC,Greece,Developed,Europe,0.06506112911641551,0,None
GRC,Greece,Developed,Europe,0.06506112911641551,0,None
GRC,Greece,Developed,Europe,0.06506112911641551,0,None
GRC,Greece,Developed,Europe,0.06506112911641551,0,None
GRD,Grenada,Developing,America,0.26268363567599673,0,None
GRD,Grenada,Developing,America,0.26268363567599673,0,None
GRD,Grenada,Developing,America,0.26268363567599673,0,None
GRD,Grenada,Developing,America,0.26268363567599673,0,None
GRD,Grenada,Developing,America,0.26268363567599673,0,None
GRD,Grenada,Developing,America,0.26268363567599673,0,None
GRD,Grenada,Developing,America,0.26268363567599673,0,None
GTM,Guatemala,Developing,America,-0.14035265916921016,0,None
GTM,Guatemala,Developing,America,-0.14035265916921016,0,None
GTM,Guatemala,Developing,America,-0.14035265916921016,0,None
GTM,Guatemala,Developing,America,-0.14035265916921016,0,None
GTM,Guatemala,Developing,America,-0.14035265916921016,0,None
GTM,Guatemala,Developing,America,-0.14035265916921016,0,None
GTM,Guatemala,Developing,America,-0.14035265916921016,0,None
GUY,Guyana,Developing,America,0.03664553081408043,0,None
GUY,Guyana,Developing,America,0.03664553081408043,0,None
GUY,Guyana,Developing,America,0.03664553081408043,0,None
GUY,Guyana,Developing,America,0.03664553081408043,0,None
GUY,Guyana,Developing,America,0.03664553081408043,0,None
GUY,Guyana,Developing,America,0.03664553081408043,0,None
GUY,Guyana,Developing,America,0.03664553081408043,0,None
HND,Honduras,Developing,America,-0.19995901889294196,0,None
HND,Honduras,Developing,America,-0.19995901889294196,0,None
HND,Honduras,Developing,America,-0.19995901889294196,0,None
HND,Honduras,Developing,America,-0.19995901889294196,0,None
HND,Honduras,Developing,America,-0.19995901889294196,0,None
HND,Honduras,Developing,America,-0.19995901889294196,0,None
HND,Honduras,Developing,America,-0.19995901889294196,0,None
HRV,Croatia,Developed,Europe,-0.05617887621532518,0,None
HRV,Croatia,Developed,Europe,-0.05617887621532518,0,None
HRV,Croatia,Developed,Europe,-0.05617887621532518,0,None
HRV,Croatia,Developed,Europe,-0.05617887621532518,0,None
HRV,Croatia,Developed,Europe,-0.05617887621532518,0,None
HRV,Croatia,Developed,Europe,-0.05617887621532518,0,None
HRV,Croatia,Developed,Europe,-0.05617887621532518,0,None
HTI,Haiti,Developing,America,-0.2990520212338017,0,None
HTI,Haiti,Developing,America,-0.2990520212338017,0,None
HTI,Haiti,Developing,America,-0.2990520212338017,0,None
HTI,Haiti,Developing,America,-0.2990520212338017,0,None
HTI,Haiti,Developing,America,-0.2990520212338017,0,None
HTI,Haiti,Developing,America,-0.2990520212338017,0,None
HTI,Haiti,Developing,America,-0.2990520212338017,0,None
HUN,Hungary,Developed,Europe,-0.2243386677458005,0,None
HUN,Hungary,Developed,Europe,-0.2243386677458005,0,None
HUN,Hungary,Developed,Europe,-0.2243386677458005,0,None
HUN,Hungary,Developed,Europe,-0.2243386677458005,0,None
HUN,Hungary,Developed,Europe,-0.2243386677458005,0,None
HUN,Hungary,Developed,Europe,-0.2243386677458005,0,None
HUN,Hungary,Developed,Europe,-0.2243386677458005,0,None
IDN,Indonesia,Developing,Asia and Oceania,0.19346630816881524,0,None
IDN,Indonesia,Developing,Asia and Oceania,0.19346630816881524,0,None
IDN,Indonesia,Developing,Asia and Oceania,0.19346630816881524,0,None
IDN,Indonesia,Developing,Asia and Oceania,0.19346630816881524,0,None
IDN,Indonesia,Developing,Asia and Oceania,0.19346630816881524,0,None
IDN,Indonesia,Developing,Asia and Oceania,0.19346630816881524,0,None
IDN,Indonesia,Developing,Asia and Oceania,0.19346630816881524,0,None
IND,India,Developing,Asia and Oceania,-0.3000800213477248,0,None
IND,India,Developing,Asia and Oceania,-0.3000800213477248,0,None
IND,India,Developing,Asia and Oceania,-0.3000800213477248,0,None
IND,India,Developing,Asia and Oceania,-0.3000800213477248,0,None
IND,India,Developing,Asia and Oceania,-0.3000800213477248,0,None
IND,India,Developing,Asia and Oceania,-0.3000800213477248,0,None
IND,India,Developing,Asia and Oceania,-0.3000800213477248,0,None
IRL,Ireland,Developed,Europe,0.15309090255308297,0,None
IRL,Ireland,Developed,Europe,0.15309090255308297,0,None
IRL,Ireland,Developed,Europe,0.15309090255308297,0,None
IRL,Ireland,Developed,Europe,0.15309090255308297,0,None
IRL,Ireland,Developed,Europe,0.15309090255308297,0,None
IRL,Ireland,Developed,Europe,0.15309090255308297,0,None
IRL,Ireland,Developed,Europe,0.15309090255308297,0,None
IRN,Iran (Islamic Republic of),Developing,Asia and Oceania,-0.2897820370279032,0,None
IRN,Iran (Islamic Republic of),Developing,Asia and Oceania,-0.2897820370279032,0,None
IRN,Iran (Islamic Republic of),Developing,Asia and Oceania,-0.2897820370279032,0,None
IRN,Iran (Islamic Republic of),Developing,Asia and Oceania,-0.2897820370279032,0,None
IRN,Iran (Islamic Republic of),Developing,Asia and Oceania,-0.2897820370279032,0,None
IRN,Iran (Islamic Republic of),Developing,Asia and Oceania,-0.2897820370279032,0,None
IRN,Iran (Islamic Republic of),Developing,Asia and Oceania,-0.2897820370279032,0,None
IRQ,Iraq,Developing,Asia and Oceania,0.11015588258046087,0,None
IRQ,Iraq,Developing,Asia and Oceania,0.11015588258046087,0,None
IRQ,Iraq,Developing,Asia and Oceania,0.11015588258046087,0,None
IRQ,Iraq,Developing,Asia and Oceania,0.11015588258046087,0,None
IRQ,Iraq,Developing,Asia and Oceania,0.11015588258046087,0,None
IRQ,Iraq,Developing,Asia and Oceania,0.11015588258046087,0,None
IRQ,Iraq,Developing,Asia and Oceania,0.11015588258046087,0,None
ISL,Iceland,Developed,Europe,-0.20720568307849122,0,None
ISL,Iceland,Developed,Europe,-0.20720568307849122,0,None
ISL,Iceland,Developed,Europe,-0.20720568307849122,0,None
ISL,Iceland,Developed,Europe,-0.20720568307849122,0,None
ISL,Iceland,Developed,Europe,-0.20720568307849122,0,None
ISL,Iceland,Developed,Europe,-0.20720568307849122,0,None
ISL,Iceland,Developed,Europe,-0.20720568307849122,0,None
ISR,Israel,Developed,Asia and Oceania,0.3404825544575939,0,None
ISR,Israel,Developed,Asia and Oceania,0.3404825544575939,0,None
ISR,Israel,Developed,Asia and Oceania,0.3404825544575939,0,None
ISR,Israel,Developed,Asia and Oceania,0.3404825544575939,0,None
ISR,Israel,Developed,Asia and Oceania,0.3404825544575939,0,None
ISR,Israel,Developed,Asia and Oceania,0.3404825544575939,0,None
ISR,Israel,Developed,Asia and Oceania,0.3404825544575939,0,None
ITA,Italy,Developed,Europe,0.10750045878631187,0,None
ITA,Italy,Developed,Europe,0.10750045878631187,0,None
ITA,Italy,Developed,Europe,0.10750045878631187,0,None
ITA,Italy,Developed,Europe,0.10750045878631187,0,None
ITA,Italy,Developed,Europe,0.10750045878631187,0,None
ITA,Italy,Developed,Europe,0.10750045878631187,0,None
ITA,Italy,Developed,Europe,0.10750045878631187,0,None
JAM,Jamaica,Developing,America,-0.3796730776518784,0,None
JAM,Jamaica,Developing,America,-0.3796730776518784,0,None
JAM,Jamaica,Developing,America,-0.3796730776518784,0,None
JAM,Jamaica,Developing,America,-0.3796730776518784,0,None
JAM,Jamaica,Developing,America,-0.3796730776518784,0,None
JAM,Jamaica,Developing,America,-0.3796730776518784,0,None
JAM,Jamaica,Developing,America,-0.3796730776518784,0,None
JOR,Jordan,Developing,Asia and Oceania,0.5991584672226622,1,Food Insecurity
JOR,Jordan,Developing,Asia and Oceania,0.5991584672226622,1,Food Insecurity
JOR,Jordan,Developing,Asia and Oceania,0.5991584672226622,1,Food Insecurity
JOR,Jordan,Developing,Asia and Oceania,0.5991584672226622,1,Food Insecurity
JOR,Jordan,Developing,Asia and Oceania,0.5991584672226622,1,Food Insecurity
JOR,Jordan,Developing,Asia and Oceania,0.5991584672226622,1,Food Insecurity
JOR,Jordan,Developing,Asia and Oceania,0.5991584672226622,1,Food Insecurity
JPN,Japan,Developed,Asia and Oceania,0.4580699011967637,0,None
JPN,Japan,Developed,Asia and Oceania,0.4580699011967637,0,None
JPN,Japan,Developed,Asia and Oceania,0.4580699011967637,0,None
JPN,Japan,Developed,Asia and Oceania,0.4580699011967637,0,None
JPN,Japan,Developed,Asia and Oceania,0.4580699011967637,0,None
JPN,Japan,Developed,Asia and Oceania,0.4580699011967637,0,None
JPN,Japan,Developed,Asia and Oceania,0.4580699011967637,0,None
KAZ,Kazakhstan,Developing,Asia and Oceania,-0.4257480599477392,0,None
KAZ,Kazakhstan,Developing,Asia and Oceania,-0.4257480599477392,0,None
KAZ,Kazakhstan,Developing,Asia and Oceania,-0.4257480599477392,0,None
KAZ,Kazakhstan,Developing,Asia and Oceania,-0.4257480599477392,0,None
KAZ,Kazakhstan,Developing,Asia and Oceania,-0.4257480599477392,0,None
KAZ,Kazakhstan,Developing,Asia and Oceania,-0.4257480599477392,0,None
KAZ,Kazakhstan,Developing,Asia and Oceania,-0.4257480599477392,0,None
KEN,Kenya,Developing,Africa,-0.3706733403697198,0,None
KEN,Kenya,Developing,Africa,-0.3706733403697198,0,None
KEN,Kenya,Developing,Africa,-0.3706733403697198,0,None
KEN,Kenya,Developing,Africa,-0.3706733403697198,0,None
KEN,Kenya,Developing,Africa,-0.3706733403697198,0,None
KEN,Kenya,Developing,Africa,-0.3706733403697198,0,None
KEN,Kenya,Developing,Africa,-0.3706733403697198,0,None
KGZ,Kyrgyzstan,Developing,Asia and Oceania,-0.16416741494528878,0,None
KGZ,Kyrgyzstan,Developing,Asia and Oceania,-0.16416741494528878,0,None
KGZ,Kyrgyzstan,Developing,Asia and Oceania,-0.16416741494528878,0,None
KGZ,Kyrgyzstan,Developing,Asia and Oceania,-0.16416741494528878,0,None
KGZ,Kyrgyzstan,Developing,Asia and Oceania,-0.16416741494528878,0,None
KGZ,Kyrgyzstan,Developing,Asia and Oceania,-0.16416741494528878,0,None
KGZ,Kyrgyzstan,Developing,Asia and Oceania,-0.16416741494528878,0,None
KHM,Cambodia,Developing,Asia and Oceania,0.10830951832109549,0,None
KHM,Cambodia,Developing,Asia and Oceania,0.10830951832109549,0,None
KHM,Cambodia,Developing,Asia and Oceania,0.10830951832109549,0,None
KHM,Cambodia,Developing,Asia and Oceania,0.10830951832109549,0,None
KHM,Cambodia,Developing,Asia and Oceania,0.10830951832109549,0,None
KHM,Cambodia,Developing,Asia and Oceania,0.10830951832109549,0,None
KHM,Cambodia,Developing,Asia and Oceania,0.10830951832109549,0,None
KIR,Kiribati,Developing,Asia and Oceania,0.01339743102993688,0,None
KIR,Kiribati,Developing,Asia and Oceania,0.01339743102993688,0,None
KIR,Kiribati,Developing,Asia and Oceania,0.01339743102993688,0,None
KIR,Kiribati,Developing,Asia and Oceania,0.01339743102993688,0,None
KIR,Kiribati,Developing,Asia and Oceania,0.01339743102993688,0,None
KIR,Kiribati,Developing,Asia and Oceania,0.01339743102993688,0,None
KIR,Kiribati,Developing,Asia and Oceania,0.01339743102993688,0,None
KNA,Saint Kitts and Nevis,Developing,America,0.21889487894196283,0,None
KNA,Saint Kitts and Nevis,Developing,America,0.21889487894196283,0,None
KNA,Saint Kitts and Nevis,Developing,America,0.21889487894196283,0,None
KNA,Saint Kitts and Nevis,Developing,America,0.21889487894196283,0,None
KNA,Saint Kitts and Nevis,Developing,America,0.21889487894196283,0,None
KNA,Saint Kitts and Nevis,Developing,America,0.21889487894196283,0,None
KNA,Saint Kitts and Nevis,Developing,America,0.21889487894196283,0,None
KOR,Korea (the Republic of),Developed,Asia and Oceania,0.20985518492701696,0,None
KOR,Korea (the Republic of),Developed,Asia and Oceania,0.20985518492701696,0,None
KOR,Korea (the Republic of),Developed,Asia and Oceania,0.20985518492701696,0,None
KOR,Korea (the Republic of),Developed,Asia and Oceania,0.20985518492701696,0,None
KOR,Korea (the Republic of),Developed,Asia and Oceania,0.20985518492701696,0,None
KOR,Korea (the Republic of),Developed,Asia and Oceania,0.20985518492701696,0,None
KOR,Korea (the Republic of),Developed,Asia and Oceania,0.20985518492701696,0,None
KWT,Kuwait,Developing,Asia and Oceania,0.0923522444720842,0,None
KWT,Kuwait,Developing,Asia and Oceania,0.0923522444720842,0,None
KWT,Kuwait,Developing,Asia and Oceania,0.0923522444720842,0,None
KWT,Kuwait,Developing,Asia and Oceania,0.0923522444720842,0,None
KWT,Kuwait,Developing,Asia and Oceania,0.0923522444720842,0,None
KWT,Kuwait,Developing,Asia and Oceania,0.0923522444720842,0,None
KWT,Kuwait,Developing,Asia and Oceania,0.0923522444720842,0,None
LAO,Lao People's Democratic Republic (the),Developing,Asia and Oceania,-0.1540477221063057,0,None
LAO,Lao People's Democratic Republic (the),Developing,Asia and Oceania,-0.1540477221063057,0,None
LAO,Lao People's Democratic Republic (the),Developing,Asia and Oceania,-0.1540477221063057,0,None
LAO,Lao People's Democratic Republic (the),Developing,Asia and Oceania,-0.1540477221063057,0,None
LAO,Lao People's Democratic Republic (the),Developing,Asia and Oceania,-0.1540477221063057,0,None
LAO,Lao People's Democratic Republic (the),Developing,Asia and Oceania,-0.1540477221063057,0,None
LAO,Lao People's Democratic Republic (the),Developing,Asia and Oceania,-0.1540477221063057,0,None
LBN,Lebanon,Developing,Asia and Oceania,-0.4903464330996734,0,None
LBN,Lebanon,Developing,Asia and Oceania,-0.4903464330996734,0,None
LBN,Lebanon,Developing,Asia and Oceania,-0.4903464330996734,0,None
LBN,Lebanon,Developing,Asia and Oceania,-0.4903464330996734,0,None
LBN,Lebanon,Developing,Asia and Oceania,-0.4903464330996734,0,None
LBN,Lebanon,Developing,Asia and Oceania,-0.4903464330996734,0,None
LBN,Lebanon,Developing,Asia and Oceania,-0.4903464330996734,0,None
LBR,Liberia,Developing,Africa,-0.20385112075887454,0,None
LBR,Liberia,Developing,Africa,-0.20385112075887454,0,None
LBR,Liberia,Developing,Africa,-0.20385112075887454,0,None
LBR,Liberia,Developing,Africa,-0.20385112075887454,0,None
LBR,Liberia,Developing,Africa,-0.20385112075887454,0,None
LBR,Liberia,Developing,Africa,-0.20385112075887454,0,None
LBR,Liberia,Developing,Africa,-0.20385112075887454,0,None
LBY,Libya,Developing,Africa,0.44897589761950807,0,None
LBY,Libya,Developing,Africa,0.44897589761950807,0,None
LBY,Libya,Developing,Africa,0.44897589761950807,0,None
LBY,Libya,Developing,Africa,0.44897589761950807,0,None
LBY,Libya,Developing,Africa,0.44897589761950807,0,None
LBY,Libya,Developing,Africa,0.44897589761950807,0,None
LBY,Libya,Developing,Africa,0.44897589761950807,0,None
LCA,Saint Lucia,Developing,America,0.09387940327470011,0,None
LCA,Saint Lucia,Developing,America,0.09387940327470011,0,None
LCA,Saint Lucia,Developing,America,0.09387940327470011,0,None
LCA,Saint Lucia,Developing,America,0.09387940327470011,0,None
LCA,Saint Lucia,Developing,America,0.09387940327470011,0,None
LCA,Saint Lucia,Developing,America,0.09387940327470011,0,None
LCA,Saint Lucia,Developing,America,0.09387940327470011,0,None
LKA,Sri Lanka,Developing,Asia and Oceania,-0.11408843846131596,0,None
LKA,Sri Lanka,Developing,Asia and Oceania,-0.11408843846131596,0,None
LKA,Sri Lanka,Developing,Asia and Oceania,-0.11408843846131596,0,None
LKA,Sri Lanka,Developing,Asia and Oceania,-0.11408843846131596,0,None
LKA,Sri Lanka,Developing,Asia and Oceania,-0.11408843846131596,0,None
LKA,Sri Lanka,Developing,Asia and Oceania,-0.11408843846131596,0,None
LKA,Sri Lanka,Developing,Asia and Oceania,-0.11408843846131596,0,None
LSO,Lesotho,Developing,Africa,-0.6002268073015335,0,None
LSO,Lesotho,Developing,Africa,-0.6002268073015335,0,None
LSO,Lesotho,Developing,Africa,-0.6002268073015335,0,None
LSO,Lesotho,Developing,Africa,-0.6002268073015335,0,None
LSO,Lesotho,Developing,Africa,-0.6002268073015335,0,None
LSO,Lesotho,Developing,Africa,-0.6002268073015335,0,None
LSO,Lesotho,Developing,Africa,-0.6002268073015335,0,None
LTU,Lithuania,Developed,Europe,-0.13032540093157224,0,None
LTU,Lithuania,Developed,Europe,-0.13032540093157224,0,None
LTU,Lithuania,Developed,Europe,-0.13032540093157224,0,None
LTU,Lithuania,Developed,Europe,-0.13032540093157224,0,None
LTU,Lithuania,Developed,Europe,-0.13032540093157224,0,None
LTU,Lithuania,Developed,Europe,-0.13032540093157224,0,None
LTU,Lithuania,Developed,Europe,-0.13032540093157224,0,None
LUX,Luxembourg,Developed,Europe,0.1522391717253028,0,None
LUX,Luxembourg,Developed,Europe,0.1522391717253028,0,None
LUX,Luxembourg,Developed,Europe,0.1522391717253028,0,None
LUX,Luxembourg,Developed,Europe,0.1522391717253028,0,None
LUX,Luxembourg,Developed,Europe,0.1522391717253028,0,None
LUX,Luxembourg,Developed,Europe,0.1522391717253028,0,None
LUX,Luxembourg,Developed,Europe,0.1522391717253028,0,None
LVA,Latvia,Developed,Europe,-0.25181831769460156,0,None
LVA,Latvia,Developed,Europe,-0.25181831769460156,0,None
LVA,Latvia,Developed,Europe,-0.25181831769460156,0,None
LVA,Latvia,Developed,Europe,-0.25181831769460156,0,None
LVA,Latvia,Developed,Europe,-0.25181831769460156,0,None
LVA,Latvia,Developed,Europe,-0.25181831769460156,0,None
LVA,Latvia,Developed,Europe,-0.25181831769460156,0,None
MAR,Morocco,Developing,Africa,0.20357989713412727,0,None
MAR,Morocco,Developing,Africa,0.20357989713412727,0,None
MAR,Morocco,Developing,Africa,0.20357989713412727,0,None
MAR,Morocco,Developing,Africa,0.20357989713412727,0,None
MAR,Morocco,Developing,Africa,0.20357989713412727,0,None
MAR,Morocco,Developing,Africa,0.20357989713412727,0,None
MAR,Morocco,Developing,Africa,0.20357989713412727,0,None
MDA,Moldova (the Republic of),Developed,Europe,-0.280121397853923,0,None
MDA,Moldova (the Republic of),Developed,Europe,-0.280121397853923,0,None
MDA,Moldova (the Republic of),Developed,Europe,-0.280121397853923,0,None
MDA,Moldova (the Republic of),Developed,Europe,-0.280121397853923,0,None
MDA,Moldova (the Republic of),Developed,Europe,-0.280121397853923,0,None
MDA,Moldova (the Republic of),Developed,Europe,-0.280121397853923,0,None
MDA,Moldova (the Republic of),Developed,Europe,-0.280121397853923,0,None
MDG,Madagascar,Developing,Africa,-0.2390443020945708,0,None
MDG,Madagascar,Developing,Africa,-0.2390443020945708,0,None
MDG,Madagascar,Developing,Africa,-0.2390443020945708,0,None
MDG,Madagascar,Developing,Africa,-0.2390443020945708,0,None
MDG,Madagascar,Developing,Africa,-0.2390443020945708,0,None
MDG,Madagascar,Developing,Africa,-0.2390443020945708,0,None
MDG,Madagascar,Developing,Africa,-0.2390443020945708,0,None
MDV,Maldives,Developing,Asia and Oceania,0.3543531828658637,0,None
MDV,Maldives,Developing,Asia and Oceania,0.3543531828658637,0,None
MDV,Maldives,Developing,Asia and Oceania,0.3543531828658637,0,None
MDV,Maldives,Developing,Asia and Oceania,0.3543531828658637,0,None
MDV,Maldives,Developing,Asia and Oceania,0.3543531828658637,0,None
MDV,Maldives,Developing,Asia and Oceania,0.3543531828658637,0,None
MDV,Maldives,Developing,Asia and Oceania,0.3543531828658637,0,None
MEX,Mexico,Developing,America,-0.31663636918202676,0,None
MEX,Mexico,Developing,America,-0.31663636918202676,0,None
MEX,Mexico,Developing,America,-0.31663636918202676,0,None
MEX,Mexico,Developing,America,-0.31663636918202676,0,None
MEX,Mexico,Developing,America,-0.31663636918202676,0,None
MEX,Mexico,Developing,America,-0.31663636918202676,0,None
MEX,Mexico,Developing,America,-0.31663636918202676,0,None
MHL,Marshall Islands (the),Developing,Asia and Oceania,-0.0012434144731773445,0,None
MHL,Marshall Islands (the),Developing,Asia and Oceania,-0.0012434144731773445,0,None
MHL,Marshall Islands (the),Developing,Asia and Oceania,-0.0012434144731773445,0,None
MHL,Marshall Islands (the),Developing,Asia and Oceania,-0.0012434144731773445,0,None
MHL,Marshall Islands (the),Developing,Asia and Oceania,-0.0012434144731773445,0,None
MHL,Marshall Islands (the),Developing,Asia and Oceania,-0.0012434144731773445,0,None
MHL,Marshall Islands (the),Developing,Asia and Oceania,-0.0012434144731773445,0,None
MKD,North Macedonia,Developed,Europe,-0.11283918615274428,0,None
MKD,North Macedonia,Developed,Europe,-0.11283918615274428,0,None
MKD,North Macedonia,Developed,Europe,-0.11283918615274428,0,None
MKD,North Macedonia,Developed,Europe,-0.11283918615274428,0,None
MKD,North Macedonia,Developed,Europe,-0.11283918615274428,0,None
MKD,North Macedonia,Developed,Europe,-0.11283918615274428,0,None
MKD,North Macedonia,Developed,Europe,-0.11283918615274428,0,None
MLI,Mali,Developing,Africa,0.13058006586563223,0,None
MLI,Mali,Developing,Africa,0.13058006586563223,0,None
MLI,Mali,Developing,Africa,0.13058006586563223,0,None
MLI,Mali,Developing,Africa,0.13058006586563223,0,None
MLI,Mali,Developing,Africa,0.13058006586563223,0,None
MLI,Mali,Developing,Africa,0.13058006586563223,0,None
MLI,Mali,Developing,Africa,0.13058006586563223,0,None
MLT,Malta,Developed,Europe,0.047497259205441685,0,None
MLT,Malta,Developed,Europe,0.047497259205441685,0,None
MLT,Malta,Developed,Europe,0.047497259205441685,0,None
MLT,Malta,Developed,Europe,0.047497259205441685,0,None
MLT,Malta,Developed,Europe,0.047497259205441685,0,None
MLT,Malta,Developed,Europe,0.047497259205441685,0,None
MLT,Malta,Developed,Europe,0.047497259205441685,0,None
MMR,Myanmar,Developing,Asia and Oceania,-0.0896244662825179,0,None
MMR,Myanmar,Developing,Asia and Oceania,-0.0896244662825179,0,None
MMR,Myanmar,Developing,Asia and Oceania,-0.0896244662825179,0,None
MMR,Myanmar,Developing,Asia and Oceania,-0.0896244662825179,0,None
MMR,Myanmar,Developing,Asia and Oceania,-0.0896244662825179,0,None
MMR,Myanmar,Developing,Asia and Oceania,-0.0896244662825179,0,None
MMR,Myanmar,Developing,Asia and Oceania,-0.0896244662825179,0,None
MNE,Montenegro,Developed,Europe,-0.08426051974175859,0,None
MNE,Montenegro,Developed,Europe,-0.08426051974175859,0,None
MNE,Montenegro,Developed,Europe,-0.08426051974175859,0,None
MNE,Montenegro,Developed,Europe,-0.08426051974175859,0,None
MNE,Montenegro,Developed,Europe,-0.08426051974175859,0,None
MNE,Montenegro,Developed,Europe,-0.08426051974175859,0,None
MNE,Montenegro,Developed,Europe,-0.08426051974175859,0,None
MNG,Mongolia,Developing,Asia and Oceania,-0.20377239479129297,0,None
MNG,Mongolia,Developing,Asia and Oceania,-0.20377239479129297,0,None
MNG,Mongolia,Developing,Asia and Oceania,-0.20377239479129297,0,None
MNG,Mongolia,Developing,Asia and Oceania,-0.20377239479129297,0,None
MNG,Mongolia,Developing,Asia and Oceania,-0.20377239479129297,0,None
MNG,Mongolia,Developing,Asia and Oceania,-0.20377239479129297,0,None
MNG,Mongolia,Developing,Asia and Oceania,-0.20377239479129297,0,None
MOZ,Mozambique,Developing,Africa,-0.1281292451803438,0,None
MOZ,Mozambique,Developing,Africa,-0.1281292451803438,0,None
MOZ,Mozambique,Developing,Africa,-0.1281292451803438,0,None
MOZ,Mozambique,Developing,Africa,-0.1281292451803438,0,None
MOZ,Mozambique,Developing,Africa,-0.1281292451803438,0,None
MOZ,Mozambique,Developing,Africa,-0.1281292451803438,0,None
MOZ,Mozambique,Developing,Africa,-0.1281292451803438,0,None
MRT,Mauritania,Developing,Africa,0.04788568418970847,0,None
MRT,Mauritania,Developing,Africa,0.04788568418970847,0,None
MRT,Mauritania,Developing,Africa,0.04788568418970847,0,None
MRT,Mauritania,Developing,Africa,0.04788568418970847,0,None
MRT,Mauritania,Developing,Africa,0.04788568418970847,0,None
MRT,Mauritania,Developing,Africa,0.04788568418970847,0,None
MRT,Mauritania,Developing,Africa,0.04788568418970847,0,None
MUS,Mauritius,Developing,Africa,-0.04990930376673458,0,None
MUS,Mauritius,Developing,Africa,-0.04990930376673458,0,None
MUS,Mauritius,Developing,Africa,-0.04990930376673458,0,None
MUS,Mauritius,Developing,Africa,-0.04990930376673458,0,None
MUS,Mauritius,Developing,Africa,-0.04990930376673458,0,None
MUS,Mauritius,Developing,Africa,-0.04990930376673458,0,None
MUS,Mauritius,Developing,Africa,-0.04990930376673458,0,None
MWI,Malawi,Developing,Africa,-0.29684579530991706,0,None
MWI,Malawi,Developing,Africa,-0.29684579530991706,0,None
MWI,Malawi,Developing,Africa,-0.29684579530991706,0,None
MWI,Malawi,Developing,Africa,-0.29684579530991706,0,None
MWI,Malawi,Developing,Africa,-0.29684579530991706,0,None
MWI,Malawi,Developing,Africa,-0.29684579530991706,0,None
MWI,Malawi,Developing,Africa,-0.29684579530991706,0,None
MYS,Malaysia,Developing,Asia and Oceania,0.4546540414957269,0,None
MYS,Malaysia,Developing,Asia and Oceania,0.4546540414957269,0,None
MYS,Malaysia,Developing,Asia and Oceania,0.4546540414957269,0,None
MYS,Malaysia,Developing,Asia and Oceania,0.4546540414957269,0,None
MYS,Malaysia,Developing,Asia and Oceania,0.4546540414957269,0,None
MYS,Malaysia,Developing,Asia and Oceania,0.4546540414957269,0,None
MYS,Malaysia,Developing,Asia and Oceania,0.4546540414957269,0,None
NAM,Namibia,Developing,Africa,-0.09212116724553146,0,None
NAM,Namibia,Developing,Africa,-0.09212116724553146,0,None
NAM,Namibia,Developing,Africa,-0.09212116724553146,0,None
NAM,Namibia,Developing,Africa,-0.09212116724553146,0,None
NAM,Namibia,Developing,Africa,-0.09212116724553146,0,None
NAM,Namibia,Developing,Africa,-0.09212116724553146,0,None
NAM,Namibia,Developing,Africa,-0.09212116724553146,0,None
NER,Niger (the),Developing,Africa,0.10980306726335294,0,None
NER,Niger (the),Developing,Africa,0.10980306726335294,0,None
NER,Niger (the),Developing,Africa,0.10980306726335294,0,None
NER,Niger (the),Developing,Africa,0.10980306726335294,0,None
NER,Niger (the),Developing,Africa,0.10980306726335294,0,None
NER,Niger (the),Developing,Africa,0.10980306726335294,0,None
NER,Niger (the),Developing,Africa,0.10980306726335294,0,None
NGA,Nigeria,Developing,Africa,-0.5956100457425817,0,None
NGA,Nigeria,Developing,Africa,-0.5956100457425817,0,None
NGA,Nigeria,Developing,Africa,-0.5956100457425817,0,None
NGA,Nigeria,Developing,Africa,-0.5956100457425817,0,None
NGA,Nigeria,Developing,Africa,-0.5956100457425817,0,None
NGA,Nigeria,Developing,Africa,-0.5956100457425817,0,None
NGA,Nigeria,Developing,Africa,-0.5956100457425817,0,None
NIC,Nicaragua,Developing,America,-0.30186828893416773,0,None
NIC,Nicaragua,Developing,America,-0.30186828893416773,0,None
NIC,Nicaragua,Developing,America,-0.30186828893416773,0,None
NIC,Nicaragua,Developing,America,-0.30186828893416773,0,None
NIC,Nicaragua,Developing,America,-0.30186828893416773,0,None
NIC,Nicaragua,Developing,America,-0.30186828893416773,0,None
NIC,Nicaragua,Developing,America,-0.30186828893416773,0,None
NLD,Netherlands (the),Developed,Europe,-0.0095343910845388,0,None
NLD,Netherlands (the),Developed,Europe,-0.0095343910845388,0,None
NLD,Netherlands (the),Developed,Europe,-0.0095343910845388,0,None
NLD,Netherlands (the),Developed,Europe,-0.0095343910845388,0,None
NLD,Netherlands (the),Developed,Europe,-0.0095343910845388,0,None
NLD,Netherlands (the),Developed,Europe,-0.0095343910845388,0,None
NLD,Netherlands (the),Developed,Europe,-0.0095343910845388,0,None
NOR,Norway,Developed,Europe,0.07618686668861042,0,None
NOR,Norway,Developed,Europe,0.07618686668861042,0,None
NOR,Norway,Developed,Europe,0.07618686668861042,0,None
NOR,Norway,Developed,Europe,0.07618686668861042,0,None
NOR,Norway,Developed,Europe,0.07618686668861042,0,None
NOR,Norway,Developed,Europe,0.07618686668861042,0,None
NOR,Norway,Developed,Europe,0.07618686668861042,0,None
NPL,Nepal,Developing,Asia and Oceania,-0.1983051551155105,0,None
NPL,Nepal,Developing,Asia and Oceania,-0.1983051551155105,0,None
NPL,Nepal,Developing,Asia and Oceania,-0.1983051551155105,0,None
NPL,Nepal,Developing,Asia and Oceania,-0.1983051551155105,0,None
NPL,Nepal,Developing,Asia and Oceania,-0.1983051551155105,0,None
NPL,Nepal,Developing,Asia and Oceania,-0.1983051551155105,0,None
NPL,Nepal,Developing,Asia and Oceania,-0.1983051551155105,0,None
NRU,Nauru,Developing,Asia and Oceania,-0.0012434144731773445,0,None
NRU,Nauru,Developing,Asia and Oceania,-0.0012434144731773445,0,None
NRU,Nauru,Developing,Asia and Oceania,-0.0012434144731773445,0,None
NRU,Nauru,Developing,Asia and Oceania,-0.0012434144731773445,0,None
NRU,Nauru,Developing,Asia and Oceania,-0.0012434144731773445,0,None
NRU,Nauru,Developing,Asia and Oceania,-0.0012434144731773445,0,None
NRU,Nauru,Developing,Asia and Oceania,-0.0012434144731773445,0,None
NZL,New Zealand,Developed,Asia and Oceania,0.041696511959974064,0,None
NZL,New Zealand,Developed,Asia and Oceania,0.041696511959974064,0,None
NZL,New Zealand,Developed,Asia and Oceania,0.041696511959974064,0,None
NZL,New Zealand,Developed,Asia and Oceania,0.041696511959974064,0,None
NZL,New Zealand,Developed,Asia and Oceania,0.041696511959974064,0,None
NZL,New Zealand,Developed,Asia and Oceania,0.041696511959974064,0,None
NZL,New Zealand,Developed,Asia and Oceania,0.041696511959974064,0,None
OMN,Oman,Developing,Asia and Oceania,0.6304803522282497,1,Inflationary
OMN,Oman,Developing,Asia and Oceania,0.6304803522282497,1,Inflationary
OMN,Oman,Developing,Asia and Oceania,0.6304803522282497,1,Inflationary
OMN,Oman,Developing,Asia and Oceania,0.6304803522282497,1,Inflationary
OMN,Oman,Developing,Asia and Oceania,0.6304803522282497,1,Inflationary
OMN,Oman,Developing,Asia and Oceania,0.6304803522282497,1,Inflationary
OMN,Oman,Developing,Asia and Oceania,0.6304803522282497,1,Inflationary
PAK,Pakistan,Developing,Asia and Oceania,-0.4214749202163506,0,None
PAK,Pakistan,Developing,Asia and Oceania,-0.4214749202163506,0,None
PAK,Pakistan,Developing,Asia and Oceania,-0.4214749202163506,0,None
PAK,Pakistan,Developing,Asia and Oceania,-0.4214749202163506,0,None
PAK,Pakistan,Developing,Asia and Oceania,-0.4214749202163506,0,None
PAK,Pakistan,Developing,Asia and Oceania,-0.4214749202163506,0,None
PAK,Pakistan,Developing,Asia and Oceania,-0.4214749202163506,0,None
PAN,Panama,Developing,America,0.6563938981386065,1,Food Insecurity
PAN,Panama,Developing,America,0.6563938981386065,1,Food Insecurity
PAN,Panama,Developing,America,0.6563938981386065,1,Food Insecurity
PAN,Panama,Developing,America,0.6563938981386065,1,Food Insecurity
PAN,Panama,Developing,America,0.6563938981386065,1,Food Insecurity
PAN,Panama,Developing,America,0.6563938981386065,1,Food Insecurity
PAN,Panama,Developing,America,0.6563938981386065,1,Food Insecurity
PER,Peru,Developing,America,-0.05452726671492231,0,None
PER,Peru,Developing,America,-0.05452726671492231,0,None
PER,Peru,Developing,America,-0.05452726671492231,0,None
PER,Peru,Developing,America,-0.05452726671492231,0,None
PER,Peru,Developing,America,-0.05452726671492231,0,None
PER,Peru,Developing,America,-0.05452726671492231,0,None
PER,Peru,Developing,America,-0.05452726671492231,0,None
PHL,Philippines (the),Developing,Asia and Oceania,0.03588902023542721,0,None
PHL,Philippines (the),Developing,Asia and Oceania,0.03588902023542721,0,None
PHL,Philippines (the),Developing,Asia and Oceania,0.03588902023542721,0,None
PHL,Philippines (the),Developing,Asia and Oceania,0.03588902023542721,0,None
PHL,Philippines (the),Developing,Asia and Oceania,0.03588902023542721,0,None
PHL,Philippines (the),Developing,Asia and Oceania,0.03588902023542721,0,None
PHL,Philippines (the),Developing,Asia and Oceania,0.03588902023542721,0,None
PLW,Palau,Developing,Asia and Oceania,-0.0012434144731773445,0,None
PLW,Palau,Developing,Asia and Oceania,-0.0012434144731773445,0,None
PLW,Palau,Developing,Asia and Oceania,-0.0012434144731773445,0,None
PLW,Palau,Developing,Asia and Oceania,-0.0012434144731773445,0,None
PLW,Palau,Developing,Asia and Oceania,-0.0012434144731773445,0,None
PLW,Palau,Developing,Asia and Oceania,-0.0012434144731773445,0,None
PLW,Palau,Developing,Asia and Oceania,-0.0012434144731773445,0,None
PNG,Papua New Guinea,Developing,Asia and Oceania,-0.0012434144731773445,0,None
PNG,Papua New Guinea,Developing,Asia and Oceania,-0.0012434144731773445,0,None
PNG,Papua New Guinea,Developing,Asia and Oceania,-0.0012434144731773445,0,None
PNG,Papua New Guinea,Developing,Asia and Oceania,-0.0012434144731773445,0,None
PNG,Papua New Guinea,Developing,Asia and Oceania,-0.0012434144731773445,0,None
PNG,Papua New Guinea,Developing,Asia and Oceania,-0.0012434144731773445,0,None
PNG,Papua New Guinea,Developing,Asia and Oceania,-0.0012434144731773445,0,None
POL,Poland,Developed,Europe,-0.20997111547600986,0,None
POL,Poland,Developed,Europe,-0.20997111547600986,0,None
POL,Poland,Developed,Europe,-0.20997111547600986,0,None
POL,Poland,Developed,Europe,-0.20997111547600986,0,None
POL,Poland,Developed,Europe,-0.20997111547600986,0,None
POL,Poland,Developed,Europe,-0.20997111547600986,0,None
POL,Poland,Developed,Europe,-0.20997111547600986,0,None
PRT,Portugal,Developed,Europe,0.07873621848198901,0,None
PRT,Portugal,Developed,Europe,0.07873621848198901,0,None
PRT,Portugal,Developed,Europe,0.07873621848198901,0,None
PRT,Portugal,Developed,Europe,0.07873621848198901,0,None
PRT,Portugal,Developed,Europe,0.07873621848198901,0,None
PRT,Portugal,Developed,Europe,0.07873621848198901,0,None
PRT,Portugal,Developed,Europe,0.07873621848198901,0,None
PRY,Paraguay,Developing,America,-0.13123824680602736,0,None
PRY,Paraguay,Developing,America,-0.13123824680602736,0,None
PRY,Paraguay,Developing,America,-0.13123824680602736,0,None
PRY,Paraguay,Developing,America,-0.13123824680602736,0,None
PRY,Paraguay,Developing,America,-0.13123824680602736,0,None
PRY,Paraguay,Developing,America,-0.13123824680602736,0,None
PRY,Paraguay,Developing,America,-0.13123824680602736,0,None
QAT,Qatar,Developing,Asia and Oceania,0.37258548265744706,0,None
QAT,Qatar,Developing,Asia and Oceania,0.37258548265744706,0,None
QAT,Qatar,Developing,Asia and Oceania,0.37258548265744706,0,None
QAT,Qatar,Developing,Asia and Oceania,0.37258548265744706,0,None
QAT,Qatar,Developing,Asia and Oceania,0.37258548265744706,0,None
QAT,Qatar,Developing,Asia and Oceania,0.37258548265744706,0,None
QAT,Qatar,Developing,Asia and Oceania,0.37258548265744706,0,None
ROU,Romania,Developed,Europe,-0.0012434144731773445,0,None
ROU,Romania,Developed,Europe,-0.0012434144731773445,0,None
ROU,Romania,Developed,Europe,-0.0012434144731773445,0,None
ROU,Romania,Developed,Europe,-0.0012434144731773445,0,None
ROU,Romania,Developed,Europe,-0.0012434144731773445,0,None
ROU,Romania,Developed,Europe,-0.0012434144731773445,0,None
ROU,Romania,Developed,Europe,-0.0012434144731773445,0,None
RUS,Russian Federation (the),Developed,Europe,-0.280494074236458,0,None
RUS,Russian Federation (the),Developed,Europe,-0.280494074236458,0,None
RUS,Russian Federation (the),Developed,Europe,-0.280494074236458,0,None
RUS,Russian Federation (the),Developed,Europe,-0.280494074236458,0,None
RUS,Russian Federation (the),Developed,Europe,-0.280494074236458,0,None
RUS,Russian Federation (the),Developed,Europe,-0.280494074236458,0,None
RUS,Russian Federation (the),Developed,Europe,-0.280494074236458,0,None
RWA,Rwanda,Developing,Africa,-0.09071603310097867,0,None
RWA,Rwanda,Developing,Africa,-0.09071603310097867,0,None
RWA,Rwanda,Developing,Africa,-0.09071603310097867,0,None
RWA,Rwanda,Developing,Africa,-0.09071603310097867,0,None
RWA,Rwanda,Developing,Africa,-0.09071603310097867,0,None
RWA,Rwanda,Developing,Africa,-0.09071603310097867,0,None
RWA,Rwanda,Developing,Africa,-0.09071603310097867,0,None
SAU,Saudi Arabia,Developing,Asia and Oceania,0.23154151241859394,0,None
SAU,Saudi Arabia,Developing,Asia and Oceania,0.23154151241859394,0,None
SAU,Saudi Arabia,Developing,Asia and Oceania,0.23154151241859394,0,None
SAU,Saudi Arabia,Developing,Asia and Oceania,0.23154151241859394,0,None
SAU,Saudi Arabia,Developing,Asia and Oceania,0.23154151241859394,0,None
SAU,Saudi Arabia,Developing,Asia and Oceania,0.23154151241859394,0,None
SAU,Saudi Arabia,Developing,Asia and Oceania,0.23154151241859394,0,None
SDN,Sudan (the),Developing,Africa,0.001096315067478787,0,None
SDN,Sudan (the),Developing,Africa,0.001096315067478787,0,None
SDN,Sudan (the),Developing,Africa,0.001096315067478787,0,None
SDN,Sudan (the),Developing,Africa,0.001096315067478787,0,None
SDN,Sudan (the),Developing,Africa,0.001096315067478787,0,None
SDN,Sudan (the),Developing,Africa,0.001096315067478787,0,None
SDN,Sudan (the),Developing,Africa,0.001096315067478787,0,None
SEN,Senegal,Developing,Africa,0.1327118990116865,0,None
SEN,Senegal,Developing,Africa,0.1327118990116865,0,None
SEN,Senegal,Developing,Africa,0.1327118990116865,0,None
SEN,Senegal,Developing,Africa,0.1327118990116865,0,None
SEN,Senegal,Developing,Africa,0.1327118990116865,0,None
SEN,Senegal,Developing,Africa,0.1327118990116865,0,None
SEN,Senegal,Developing,Africa,0.1327118990116865,0,None
SGP,Singapore,Developing,Asia and Oceania,0.08881825160396006,0,None
SGP,Singapore,Developing,Asia and Oceania,0.08881825160396006,0,None
SGP,Singapore,Developing,Asia and Oceania,0.08881825160396006,0,None
SGP,Singapore,Developing,Asia and Oceania,0.08881825160396006,0,None
SGP,Singapore,Developing,Asia and Oceania,0.08881825160396006,0,None
SGP,Singapore,Developing,Asia and Oceania,0.08881825160396006,0,None
SGP,Singapore,Developing,Asia and Oceania,0.08881825160396006,0,None
SLB,Solomon Islands,Developing,Asia and Oceania,0.017436784571708254,0,None
SLB,Solomon Islands,Developing,Asia and Oceania,0.017436784571708254,0,None
SLB,Solomon Islands,Developing,Asia and Oceania,0.017436784571708254,0,None
SLB,Solomon Islands,Developing,Asia and Oceania,0.017436784571708254,0,None
SLB,Solomon Islands,Developing,Asia and Oceania,0.017436784571708254,0,None
SLB,Solomon Islands,Developing,Asia and Oceania,0.017436784571708254,0,None
SLB,Solomon Islands,Developing,Asia and Oceania,0.017436784571708254,0,None
SLE,Sierra Leone,Developing,Africa,-0.4100226476080908,0,None
SLE,Sierra Leone,Developing,Africa,-0.4100226476080908,0,None
SLE,Sierra Leone,Developing,Africa,-0.4100226476080908,0,None
SLE,Sierra Leone,Developing,Africa,-0.4100226476080908,0,None
SLE,Sierra Leone,Developing,Africa,-0.4100226476080908,0,None
SLE,Sierra Leone,Developing,Africa,-0.4100226476080908,0,None
SLE,Sierra Leone,Developing,Africa,-0.4100226476080908,0,None
SLV,El Salvador,Developing,America,0.11481037352058444,0,None
SLV,El Salvador,Developing,America,0.11481037352058444,0,None
SLV,El Salvador,Developing,America,0.11481037352058444,0,None
SLV,El Salvador,Developing,America,0.11481037352058444,0,None
SLV,El Salvador,Developing,America,0.11481037352058444,0,None
SLV,El Salvador,Developing,America,0.11481037352058444,0,None
SLV,El Salvador,Developing,America,0.11481037352058444,0,None
SOM,Somalia,Developing,Africa,-0.03319982173804664,0,None
SOM,Somalia,Developing,Africa,-0.03319982173804664,0,None
SOM,Somalia,Developing,Africa,-0.03319982173804664,0,None
SOM,Somalia,Developing,Africa,-0.03319982173804664,0,None
SOM,Somalia,Developing,Africa,-0.03319982173804664,0,None
SOM,Somalia,Developing,Africa,-0.03319982173804664,0,None
SOM,Somalia,Developing,Africa,-0.03319982173804664,0,None
SRB,Serbia,Developed,Europe,-0.18482982000653522,0,None
SRB,Serbia,Developed,Europe,-0.18482982000653522,0,None
SRB,Serbia,Developed,Europe,-0.18482982000653522,0,None
SRB,Serbia,Developed,Europe,-0.18482982000653522,0,None
SRB,Serbia,Developed,Europe,-0.18482982000653522,0,None
SRB,Serbia,Developed,Europe,-0.18482982000653522,0,None
SRB,Serbia,Developed,Europe,-0.18482982000653522,0,None
SSD,South Sudan,Developing,Africa,-0.01312735075389812,0,None
SSD,South Sudan,Developing,Africa,-0.01312735075389812,0,None
SSD,South Sudan,Developing,Africa,-0.01312735075389812,0,None
SSD,South Sudan,Developing,Africa,-0.01312735075389812,0,None
SSD,South Sudan,Developing,Africa,-0.01312735075389812,0,None
SSD,South Sudan,Developing,Africa,-0.01312735075389812,0,None
SSD,South Sudan,Developing,Africa,-0.01312735075389812,0,None
STP,Sao Tome and Principe,Developing,Africa,-0.23818279364503955,0,None
STP,Sao Tome and Principe,Developing,Africa,-0.23818279364503955,0,None
STP,Sao Tome and Principe,Developing,Africa,-0.23818279364503955,0,None
STP,Sao Tome and Principe,Developing,Africa,-0.23818279364503955,0,None
STP,Sao Tome and Principe,Developing,Africa,-0.23818279364503955,0,None
STP,Sao Tome and Principe,Developing,Africa,-0.23818279364503955,0,None
STP,Sao Tome and Principe,Developing,Africa,-0.23818279364503955,0,None
SUR,Suriname,Developing,America,-0.23231302021784456,0,None
SUR,Suriname,Developing,America,-0.23231302021784456,0,None
SUR,Suriname,Developing,America,-0.23231302021784456,0,None
SUR,Suriname,Developing,America,-0.23231302021784456,0,None
SUR,Suriname,Developing,America,-0.23231302021784456,0,None
SUR,Suriname,Developing,America,-0.23231302021784456,0,None
SUR,Suriname,Developing,America,-0.23231302021784456,0,None
SVK,Slovakia,Developed,Europe,-0.15132717121151398,0,None
SVK,Slovakia,Developed,Europe,-0.15132717121151398,0,None
SVK,Slovakia,Developed,Europe,-0.15132717121151398,0,None
SVK,Slovakia,Developed,Europe,-0.15132717121151398,0,None
SVK,Slovakia,Developed,Europe,-0.15132717121151398,0,None
SVK,Slovakia,Developed,Europe,-0.15132717121151398,0,None
SVK,Slovakia,Developed,Europe,-0.15132717121151398,0,None
SVN,Slovenia,Developed,Europe,0.006809754629572416,0,None
SVN,Slovenia,Developed,Europe,0.006809754629572416,0,None
SVN,Slovenia,Developed,Europe,0.006809754629572416,0,None
SVN,Slovenia,Developed,Europe,0.006809754629572416,0,None
SVN,Slovenia,Developed,Europe,0.006809754629572416,0,None
SVN,Slovenia,Developed,Europe,0.006809754629572416,0,None
SVN,Slovenia,Developed,Europe,0.006809754629572416,0,None
SWE,Sweden,Developed,Europe,-0.010832746477315665,0,None
SWE,Sweden,Developed,Europe,-0.010832746477315665,0,None
SWE,Sweden,Developed,Europe,-0.010832746477315665,0,None
SWE,Sweden,Developed,Europe,-0.010832746477315665,0,None
SWE,Sweden,Developed,Europe,-0.010832746477315665,0,None
SWE,Sweden,Developed,Europe,-0.010832746477315665,0,None
SWE,Sweden,Developed,Europe,-0.010832746477315665,0,None
SWZ,Eswatini,Developing,Africa,0.002878001263444105,0,None
SWZ,Eswatini,Developing,Africa,0.002878001263444105,0,None
SWZ,Eswatini,Developing,Africa,0.002878001263444105,0,None
SWZ,Eswatini,Developing,Africa,0.002878001263444105,0,None
SWZ,Eswatini,Developing,Africa,0.002878001263444105,0,None
SWZ,Eswatini,Developing,Africa,0.002878001263444105,0,None
SWZ,Eswatini,Developing,Africa,0.002878001263444105,0,None
SYC,Seychelles,Developing,Africa,0.2568841476870377,0,None
SYC,Seychelles,Developing,Africa,0.2568841476870377,0,None
SYC,Seychelles,Developing,Africa,0.2568841476870377,0,None
SYC,Seychelles,Developing,Africa,0.2568841476870377,0,None
SYC,Seychelles,Developing,Africa,0.2568841476870377,0,None
SYC,Seychelles,Developing,Africa,0.2568841476870377,0,None
SYC,Seychelles,Developing,Africa,0.2568841476870377,0,None
SYR,Syrian Arab Republic (the),Developing,Asia and Oceania,-0.07963182865152602,0,None
SYR,Syrian Arab Republic (the),Developing,Asia and Oceania,-0.07963182865152602,0,None
SYR,Syrian Arab Republic (the),Developing,Asia and Oceania,-0.07963182865152602,0,None
SYR,Syrian Arab Republic (the),Developing,Asia and Oceania,-0.07963182865152602,0,None
SYR,Syrian Arab Republic (the),Developing,Asia and Oceania,-0.07963182865152602,0,None
SYR,Syrian Arab Republic (the),Developing,Asia and Oceania,-0.07963182865152602,0,None
SYR,Syrian Arab Republic (the),Developing,Asia and Oceania,-0.07963182865152602,0,None
TCD,Chad,Developing,Africa,0.19644488254459724,0,None
TCD,Chad,Developing,Africa,0.19644488254459724,0,None
TCD,Chad,Developing,Africa,0.19644488254459724,0,None
TCD,Chad,Developing,Africa,0.19644488254459724,0,None
TCD,Chad,Developing,Africa,0.19644488254459724,0,None
TCD,Chad,Developing,Africa,0.19644488254459724,0,None
TCD,Chad,Developing,Africa,0.19644488254459724,0,None
TGO,Togo,Developing,Africa,0.06679110372594427,0,None
TGO,Togo,Developing,Africa,0.06679110372594427,0,None
TGO,Togo,Developing,Africa,0.06679110372594427,0,None
TGO,Togo,Developing,Africa,0.06679110372594427,0,None
TGO,Togo,Developing,Africa,0.06679110372594427,0,None
TGO,Togo,Developing,Africa,0.06679110372594427,0,None
TGO,Togo,Developing,Africa,0.06679110372594427,0,None
THA,Thailand,Developing,Asia and Oceania,0.24654924829443073,0,None
THA,Thailand,Developing,Asia and Oceania,0.24654924829443073,0,None
THA,Thailand,Developing,Asia and Oceania,0.24654924829443073,0,None
THA,Thailand,Developing,Asia and Oceania,0.24654924829443073,0,None
THA,Thailand,Developing,Asia and Oceania,0.24654924829443073,0,None
THA,Thailand,Developing,Asia and Oceania,0.24654924829443073,0,None
THA,Thailand,Developing,Asia and Oceania,0.24654924829443073,0,None
TJK,Tajikistan,Developing,Asia and Oceania,-0.18501665207341933,0,None
TJK,Tajikistan,Developing,Asia and Oceania,-0.18501665207341933,0,None
TJK,Tajikistan,Developing,Asia and Oceania,-0.18501665207341933,0,None
TJK,Tajikistan,Developing,Asia and Oceania,-0.18501665207341933,0,None
TJK,Tajikistan,Developing,Asia and Oceania,-0.18501665207341933,0,None
TJK,Tajikistan,Developing,Asia and Oceania,-0.18501665207341933,0,None
TJK,Tajikistan,Developing,Asia and Oceania,-0.18501665207341933,0,None
TKM,Turkmenistan,Developing,Asia and Oceania,-0.0012434144731773445,0,None
TKM,Turkmenistan,Developing,Asia and Oceania,-0.0012434144731773445,0,None
TKM,Turkmenistan,Developing,Asia and Oceania,-0.0012434144731773445,0,None
TKM,Turkmenistan,Developing,Asia and Oceania,-0.0012434144731773445,0,None
TKM,Turkmenistan,Developing,Asia and Oceania,-0.0012434144731773445,0,None
TKM,Turkmenistan,Developing,Asia and Oceania,-0.0012434144731773445,0,None
TKM,Turkmenistan,Developing,Asia and Oceania,-0.0012434144731773445,0,None
TLS,Timor-Leste,Developing,Asia and Oceania,0.00010483587750104379,0,None
TLS,Timor-Leste,Developing,Asia and Oceania,0.00010483587750104379,0,None
TLS,Timor-Leste,Developing,Asia and Oceania,0.00010483587750104379,0,None
TLS,Timor-Leste,Developing,Asia and Oceania,0.00010483587750104379,0,None
TLS,Timor-Leste,Developing,Asia and Oceania,0.00010483587750104379,0,None
TLS,Timor-Leste,Developing,Asia and Oceania,0.00010483587750104379,0,None
TLS,Timor-Leste,Developing,Asia and Oceania,0.00010483587750104379,0,None
TON,Tonga,Developing,Asia and Oceania,-0.03243213351328179,0,None
TON,Tonga,Developing,Asia and Oceania,-0.03243213351328179,0,None
TON,Tonga,Developing,Asia and Oceania,-0.03243213351328179,0,None
TON,Tonga,Developing,Asia and Oceania,-0.03243213351328179,0,None
TON,Tonga,Developing,Asia and Oceania,-0.03243213351328179,0,None
TON,Tonga,Developing,Asia and Oceania,-0.03243213351328179,0,None
TON,Tonga,Developing,Asia and Oceania,-0.03243213351328179,0,None
TTO,Trinidad and Tobago,Developing,America,0.12385662779484428,0,None
TTO,Trinidad and Tobago,Developing,America,0.12385662779484428,0,None
TTO,Trinidad and Tobago,Developing,America,0.12385662779484428,0,None
TTO,Trinidad and Tobago,Developing,America,0.12385662779484428,0,None
TTO,Trinidad and Tobago,Developing,America,0.12385662779484428,0,None
TTO,Trinidad and Tobago,Developing,America,0.12385662779484428,0,None
TTO,Trinidad and Tobago,Developing,America,0.12385662779484428,0,None
TUN,Tunisia,Developing,Africa,-0.320307404957632,0,None
TUN,Tunisia,Developing,Africa,-0.320307404957632,0,None
TUN,Tunisia,Developing,Africa,-0.320307404957632,0,None
TUN,Tunisia,Developing,Africa,-0.320307404957632,0,None
TUN,Tunisia,Developing,Africa,-0.320307404957632,0,None
TUN,Tunisia,Developing,Africa,-0.320307404957632,0,None
TUN,Tunisia,Developing,Africa,-0.320307404957632,0,None
TUR,Türkiye,Developing,Asia and Oceania,-0.5412385177807711,0,None
TUR,Türkiye,Developing,Asia and Oceania,-0.5412385177807711,0,None
TUR,Türkiye,Developing,Asia and Oceania,-0.5412385177807711,0,None
TUR,Türkiye,Developing,Asia and Oceania,-0.5412385177807711,0,None
TUR,Türkiye,Developing,Asia and Oceania,-0.5412385177807711,0,None
TUR,Türkiye,Developing,Asia and Oceania,-0.5412385177807711,0,None
TUR,Türkiye,Developing,Asia and Oceania,-0.5412385177807711,0,None
TUV,Tuvalu,Developing,Asia and Oceania,-0.0012434144731773445,0,None
TUV,Tuvalu,Developing,Asia and Oceania,-0.0012434144731773445,0,None
TUV,Tuvalu,Developing,Asia and Oceania,-0.0012434144731773445,0,None
TUV,Tuvalu,Developing,Asia and Oceania,-0.0012434144731773445,0,None
TUV,Tuvalu,Developing,Asia and Oceania,-0.0012434144731773445,0,None
TUV,Tuvalu,Developing,Asia and Oceania,-0.0012434144731773445,0,None
TUV,Tuvalu,Developing,Asia and Oceania,-0.0012434144731773445,0,None
TZA,Tanzania (the United Republic of),Developing,Africa,0.15725641823941866,0,None
TZA,Tanzania (the United Republic of),Developing,Africa,0.15725641823941866,0,None
TZA,Tanzania (the United Republic of),Developing,Africa,0.15725641823941866,0,None
TZA,Tanzania (the United Republic of),Developing,Africa,0.15725641823941866,0,None
TZA,Tanzania (the United Republic of),Developing,Africa,0.15725641823941866,0,None
TZA,Tanzania (the United Republic of),Developing,Africa,0.15725641823941866,0,None
TZA,Tanzania (the United Republic of),Developing,Africa,0.15725641823941866,0,None
UGA,Uganda,Developing,Africa,0.0844248329937886,0,None
UGA,Uganda,Developing,Africa,0.0844248329937886,0,None
UGA,Uganda,Developing,Africa,0.0844248329937886,0,None
UGA,Uganda,Developing,Africa,0.0844248329937886,0,None
UGA,Uganda,Developing,Africa,0.0844248329937886,0,None
UGA,Uganda,Developing,Africa,0.0844248329937886,0,None
UGA,Uganda,Developing,Africa,0.0844248329937886,0,None
UKR,Ukraine,Developed,Europe,-0.32347709385854106,0,None
UKR,Ukraine,Developed,Europe,-0.32347709385854106,0,None
UKR,Ukraine,Developed,Europe,-0.32347709385854106,0,None
UKR,Ukraine,Developed,Europe,-0.32347709385854106,0,None
UKR,Ukraine,Developed,Europe,-0.32347709385854106,0,None
UKR,Ukraine,Developed,Europe,-0.32347709385854106,0,None
UKR,Ukraine,Developed,Europe,-0.32347709385854106,0,None
URY,Uruguay,Developing,America,-0.2524822775711151,0,None
URY,Uruguay,Developing,America,-0.2524822775711151,0,None
URY,Uruguay,Developing,America,-0.2524822775711151,0,None
URY,Uruguay,Developing,America,-0.2524822775711151,0,None
URY,Uruguay,Developing,America,-0.2524822775711151,0,None
URY,Uruguay,Developing,America,-0.2524822775711151,0,None
URY,Uruguay,Developing,America,-0.2524822775711151,0,None
USA,United States of America (the),Developed,America,0.04758692646861875,0,None
USA,United States of America (the),Developed,America,0.04758692646861875,0,None
USA,United States of America (the),Developed,America,0.04758692646861875,0,None
USA,United States of America (the),Developed,America,0.04758692646861875,0,None
USA,United States of America (the),Developed,America,0.04758692646861875,0,None
USA,United States of America (the),Developed,America,0.04758692646861875,0,None
USA,United States of America (the),Developed,America,0.04758692646861875,0,None
UZB,Uzbekistan,Developing,Asia and Oceania,-0.40493570967675796,0,None
UZB,Uzbekistan,Developing,Asia and Oceania,-0.40493570967675796,0,None
UZB,Uzbekistan,Developing,Asia and Oceania,-0.40493570967675796,0,None
UZB,Uzbekistan,Developing,Asia and Oceania,-0.40493570967675796,0,None
UZB,Uzbekistan,Developing,Asia and Oceania,-0.40493570967675796,0,None
UZB,Uzbekistan,Developing,Asia and Oceania,-0.40493570967675796,0,None
UZB,Uzbekistan,Developing,Asia and Oceania,-0.40493570967675796,0,None
VCT,Saint Vincent and the Grenadines,Developing,America,0.08071685806419107,0,None
VCT,Saint Vincent and the Grenadines,Developing,America,0.08071685806419107,0,None
VCT,Saint Vincent and the Grenadines,Developing,America,0.08071685806419107,0,None
VCT,Saint Vincent and the Grenadines,Developing,America,0.08071685806419107,0,None
VCT,Saint Vincent and the Grenadines,Developing,America,0.08071685806419107,0,None
VCT,Saint Vincent and the Grenadines,Developing,America,0.08071685806419107,0,None
VCT,Saint Vincent and the Grenadines,Developing,America,0.08071685806419107,0,None
VEN,Venezuela (Bolivarian Republic of),Developing,America,-0.3220658555223954,0,None
VEN,Venezuela (Bolivarian Republic of),Developing,America,-0.3220658555223954,0,None
VEN,Venezuela (Bolivarian Republic of),Developing,America,-0.3220658555223954,0,None
VEN,Venezuela (Bolivarian Republic of),Developing,America,-0.3220658555223954,0,None
VEN,Venezuela (Bolivarian Republic of),Developing,America,-0.3220658555223954,0,None
VEN,Venezuela (Bolivarian Republic of),Developing,America,-0.3220658555223954,0,None
VEN,Venezuela (Bolivarian Republic of),Developing,America,-0.3220658555223954,0,None
VNM,Viet Nam,Developing,Asia and Oceania,0.061367395557132914,0,None
VNM,Viet Nam,Developing,Asia and Oceania,0.061367395557132914,0,None
VNM,Viet Nam,Developing,Asia and Oceania,0.061367395557132914,0,None
VNM,Viet Nam,Developing,Asia and Oceania,0.061367395557132914,0,None
VNM,Viet Nam,Developing,Asia and Oceania,0.061367395557132914,0,None
VNM,Viet Nam,Developing,Asia and Oceania,0.061367395557132914,0,None
VNM,Viet Nam,Developing,Asia and Oceania,0.061367395557132914,0,None
VUT,Vanuatu,Developing,Asia and Oceania,-0.0012434144731773445,0,None
VUT,Vanuatu,Developing,Asia and Oceania,-0.0012434144731773445,0,None
VUT,Vanuatu,Developing,Asia and Oceania,-0.0012434144731773445,0,None
VUT,Vanuatu,Developing,Asia and Oceania,-0.0012434144731773445,0,None
VUT,Vanuatu,Developing,Asia and Oceania,-0.0012434144731773445,0,None
VUT,Vanuatu,Developing,Asia and Oceania,-0.0012434144731773445,0,None
VUT,Vanuatu,Developing,Asia and Oceania,-0.0012434144731773445,0,None
WSM,Samoa,Developing,Asia and Oceania,-0.0026721426826905813,0,None
WSM,Samoa,Developing,Asia and Oceania,-0.0026721426826905813,0,None
WSM,Samoa,Developing,Asia and Oceania,-0.0026721426826905813,0,None
WSM,Samoa,Developing,Asia and Oceania,-0.0026721426826905813,0,None
WSM,Samoa,Developing,Asia and Oceania,-0.0026721426826905813,0,None
WSM,Samoa,Developing,Asia and Oceania,-0.0026721426826905813,0,None
WSM,Samoa,Developing,Asia and Oceania,-0.0026721426826905813,0,None
YEM,Yemen,Developing,Asia and Oceania,-0.0012434144731773445,0,None
YEM,Yemen,Developing,Asia and Oceania,-0.0012434144731773445,0,None
YEM,Yemen,Developing,Asia and Oceania,-0.0012434144731773445,0,None
YEM,Yemen,Developing,Asia and Oceania,-0.0012434144731773445,0,None
YEM,Yemen,Developing,Asia and Oceania,-0.0012434144731773445,0,None
YEM,Yemen,Developing,Asia and Oceania,-0.0012434144731773445,0,None
YEM,Yemen,Developing,Asia and Oceania,-0.0012434144731773445,0,None
ZAF,South Africa,Developing,Africa,-0.13443076906055507,0,None
ZAF,South Africa,Developing,Africa,-0.13443076906055507,0,None
ZAF,South Africa,Developing,Africa,-0.13443076906055507,0,None
ZAF,South Africa,Developing,Africa,-0.13443076906055507,0,None
ZAF,South Africa,Developing,Africa,-0.13443076906055507,0,None
ZAF,South Africa,Developing,Africa,-0.13443076906055507,0,None
ZAF,South Africa,Developing,Africa,-0.13443076906055507,0,None
ZMB,Zambia,Developing,Africa,-0.5897176799616519,0,None
ZMB,Zambia,Developing,Africa,-0.5897176799616519,0,None
ZMB,Zambia,Developing,Africa,-0.5897176799616519,0,None
ZMB,Zambia,Developing,Africa,-0.5897176799616519,0,None
ZMB,Zambia,Developing,Africa,-0.5897176799616519,0,None
ZMB,Zambia,Developing,Africa,-0.5897176799616519,0,None
ZMB,Zambia,Developing,Africa,-0.5897176799616519,0,None
ZWE,Zimbabwe,Developing,Africa,-0.2414806442031648,0,None
ZWE,Zimbabwe,Developing,Africa,-0.2414806442031648,0,None
ZWE,Zimbabwe,Developing,Africa,-0.2414806442031648,0,None
ZWE,Zimbabwe,Developing,Africa,-0.2414806442031648,0,None
ZWE,Zimbabwe,Developing,Africa,-0.2414806442031648,0,None
ZWE,Zimbabwe,Developing,Africa,-0.2414806442031648,0,None
ZWE,Zimbabwe,Developing,Africa,-0.2414806442031648,0,None
